use FootballNews
insert TINTUC values('TINTUC01',N'Văn Toàn đòi penalty cho HAGL sau pha ngã của đồng đội','https://znews-photo.zadn.vn/w480/Uploaded/yrfjpyvslyr/2020_10_15/vantoan_1.jpg','Sau tình huống phối hợp của HAGL, hậu vệ Dụng Quang Nho ngã trong vòng cấm. Tuy nhiên, trọng tài không cho rằng đó là pha phạm lỗi từ phía cầu thủ CLB Hà Nội.',10,50,N'Hiển Thị',N'Chiều 15/10, HAGL tiếp đón đội Hà Nội trên sân Pleiku. Phút 52 của trận đấu, Dụng Quang Nho ngã trong vùng cấm của đội khách sau pha tranh chấp với Văn Quyết. Trọng tài chính nhận định đây là pha ăn vạ và "tặng" hậu vệ này tấm thẻ vàng.
Văn Toàn, người tung ra đường chuyền để Quang Nho băng xuống, cố gắng phân bua với trọng tài. Anh muốn HAGL được hưởng quả phạt đền ở thời điểm đội nhà bị dẫn 0-1.
Tuy nhiên, trọng tài chính vẫn tỏ ra kiên định. Tiền đạo quê Hải Dương tỏ ra thất vọng.
Nhiều cầu thủ HAGL lao vào để gây sức ép với trọng tài chính, trong đó có ngoại binh Kelly. Nguyễn Anh Đức, người giàu kinh nghiệm, đứng ra can ngăn đồng đội bởi phản đối quyết định của trọng tài không phải là điều có lợi cho HAGL.')
insert TINTUC values('TINTUC02',N'Hoãn vòng chung kết futsal châu Á sang năm 2021','https://znews-photo.zadn.vn/w480/Uploaded/ihvunvj/2020_10_15/avafutsal.jpg','Chiều 15/10, Liên đoàn Bóng đá châu Á thông báo liên quan đến kế hoạch tổ chức vòng chung kết futsal châu Á 2020.',10,50,N'Hiển Thị',N'Chiều 15/10, HAGL tiếp đón đội Hà Nội trên sân Pleiku. Phút 52 của trận đấu, Dụng Quang Nho ngã trong vùng cấm của đội khách sau pha tranh chấp với Văn Quyết. Trọng tài chính nhận định đây là pha ăn vạ và "tặng" hậu vệ này tấm thẻ vàng.
Văn Toàn, người tung ra đường chuyền để Quang Nho băng xuống, cố gắng phân bua với trọng tài. Anh muốn HAGL được hưởng quả phạt đền ở thời điểm đội nhà bị dẫn 0-1.
Tuy nhiên, trọng tài chính vẫn tỏ ra kiên định. Tiền đạo quê Hải Dương tỏ ra thất vọng.
Nhiều cầu thủ HAGL lao vào để gây sức ép với trọng tài chính, trong đó có ngoại binh Kelly. Nguyễn Anh Đức, người giàu kinh nghiệm, đứng ra can ngăn đồng đội bởi phản đối quyết định của trọng tài không phải là điều có lợi cho HAGL.')
insert TINTUC values('TINTUC03',N'HAGL thua đậm CLB Hà Nội tại sân Pleiku','https://znews-photo.zadn.vn/w480/Uploaded/natmzz/2020_10_15/124.JPG','CLB Hà Nội với bản lĩnh của nhà vô địch đã đánh bại chủ nhà HAGL 4-0 ở vòng 2, giai đoạn 2 V.League 2020 tối 15/10.',20,50,N'Hiển Thị',N'Chiều 15/10, HAGL tiếp đón đội Hà Nội trên sân Pleiku. Phút 52 của trận đấu, Dụng Quang Nho ngã trong vùng cấm của đội khách sau pha tranh chấp với Văn Quyết. Trọng tài chính nhận định đây là pha ăn vạ và "tặng" hậu vệ này tấm thẻ vàng.
Văn Toàn, người tung ra đường chuyền để Quang Nho băng xuống, cố gắng phân bua với trọng tài. Anh muốn HAGL được hưởng quả phạt đền ở thời điểm đội nhà bị dẫn 0-1.
Tuy nhiên, trọng tài chính vẫn tỏ ra kiên định. Tiền đạo quê Hải Dương tỏ ra thất vọng.
Nhiều cầu thủ HAGL lao vào để gây sức ép với trọng tài chính, trong đó có ngoại binh Kelly. Nguyễn Anh Đức, người giàu kinh nghiệm, đứng ra can ngăn đồng đội bởi phản đối quyết định của trọng tài không phải là điều có lợi cho HAGL.')
insert TINTUC values('TINTUC04',N'Trung Quốc rút đăng cai vòng chung kết U23 châu Á 2022','https://znews-photo.zadn.vn/w480/Uploaded/yrfjpyvslyr/2020_10_15/u23.jpg','Liên đoàn Bóng đá châu Á (AFC) thông báo Trung Quốc sẽ không là chủ nhà của vòng chung kết U23 châu Á 2022',20,50,N'Hiển Thị',N'Chiều 15/10, HAGL tiếp đón đội Hà Nội trên sân Pleiku. Phút 52 của trận đấu, Dụng Quang Nho ngã trong vùng cấm của đội khách sau pha tranh chấp với Văn Quyết. Trọng tài chính nhận định đây là pha ăn vạ và "tặng" hậu vệ này tấm thẻ vàng.
Văn Toàn, người tung ra đường chuyền để Quang Nho băng xuống, cố gắng phân bua với trọng tài. Anh muốn HAGL được hưởng quả phạt đền ở thời điểm đội nhà bị dẫn 0-1.
Tuy nhiên, trọng tài chính vẫn tỏ ra kiên định. Tiền đạo quê Hải Dương tỏ ra thất vọng.
Nhiều cầu thủ HAGL lao vào để gây sức ép với trọng tài chính, trong đó có ngoại binh Kelly. Nguyễn Anh Đức, người giàu kinh nghiệm, đứng ra can ngăn đồng đội bởi phản đối quyết định của trọng tài không phải là điều có lợi cho HAGL.')
insert TINTUC values('TINTUC05',N'Bruno Fernandes: "Đừng lấy tên tôi để tạo rắc rối tại MU"','https://znews-photo.zadn.vn/w480/Uploaded/ofh_huqfztmf/2020_10_15/brun_1.jpg','Tiền vệ người Bồ Đào Nha phản bác những tin đồn về việc anh có mâu thuẫn với HLV Ole Solskjaer tại MU.',20,50,N'Hiển Thị',N'Chiều 15/10, HAGL tiếp đón đội Hà Nội trên sân Pleiku. Phút 52 của trận đấu, Dụng Quang Nho ngã trong vùng cấm của đội khách sau pha tranh chấp với Văn Quyết. Trọng tài chính nhận định đây là pha ăn vạ và "tặng" hậu vệ này tấm thẻ vàng.
Văn Toàn, người tung ra đường chuyền để Quang Nho băng xuống, cố gắng phân bua với trọng tài. Anh muốn HAGL được hưởng quả phạt đền ở thời điểm đội nhà bị dẫn 0-1.
Tuy nhiên, trọng tài chính vẫn tỏ ra kiên định. Tiền đạo quê Hải Dương tỏ ra thất vọng.
Nhiều cầu thủ HAGL lao vào để gây sức ép với trọng tài chính, trong đó có ngoại binh Kelly. Nguyễn Anh Đức, người giàu kinh nghiệm, đứng ra can ngăn đồng đội bởi phản đối quyết định của trọng tài không phải là điều có lợi cho HAGL.')
insert TINTUC values('TINTUC06',N'THỦ QUÂN MAN UNITED TRƯỢT DÀI VÌ TÂM LÝ BẤT ỔN','https://znews-photo.zadn.vn/w480/Uploaded/bzcwvobl/2020_10_15/Harry_1_1.jpg','Có những thời điểm mà mọi quyết định đều trở thành sai lầm. Trường hợp của Harry Maguire giống như vậy.',20,50,N'Hiển Thị',N'Chiều 15/10, HAGL tiếp đón đội Hà Nội trên sân Pleiku. Phút 52 của trận đấu, Dụng Quang Nho ngã trong vùng cấm của đội khách sau pha tranh chấp với Văn Quyết. Trọng tài chính nhận định đây là pha ăn vạ và "tặng" hậu vệ này tấm thẻ vàng.
Văn Toàn, người tung ra đường chuyền để Quang Nho băng xuống, cố gắng phân bua với trọng tài. Anh muốn HAGL được hưởng quả phạt đền ở thời điểm đội nhà bị dẫn 0-1.
Tuy nhiên, trọng tài chính vẫn tỏ ra kiên định. Tiền đạo quê Hải Dương tỏ ra thất vọng.
Nhiều cầu thủ HAGL lao vào để gây sức ép với trọng tài chính, trong đó có ngoại binh Kelly. Nguyễn Anh Đức, người giàu kinh nghiệm, đứng ra can ngăn đồng đội bởi phản đối quyết định của trọng tài không phải là điều có lợi cho HAGL.')
insert TINTUC values('TINTUC07',N'HLV SOUTHGATE KÌM HÃM TUYỂN ANH KHI HẮT HỦI GREALISH','https://znews-photo.zadn.vn/w480/Uploaded/bzcwvobl/2020_10_15/Jacj_1.jpg','Tiền vệ Jack Grealish có tương lai ảm đạm ở đội tuyển quốc gia khi anh dường như không phải gương mặt yêu thích của huấn luyện viên Gareth Southgate.',20,50,N'Hiển Thị',N'Chiều 15/10, HAGL tiếp đón đội Hà Nội trên sân Pleiku. Phút 52 của trận đấu, Dụng Quang Nho ngã trong vùng cấm của đội khách sau pha tranh chấp với Văn Quyết. Trọng tài chính nhận định đây là pha ăn vạ và "tặng" hậu vệ này tấm thẻ vàng.
Văn Toàn, người tung ra đường chuyền để Quang Nho băng xuống, cố gắng phân bua với trọng tài. Anh muốn HAGL được hưởng quả phạt đền ở thời điểm đội nhà bị dẫn 0-1.
Tuy nhiên, trọng tài chính vẫn tỏ ra kiên định. Tiền đạo quê Hải Dương tỏ ra thất vọng.
Nhiều cầu thủ HAGL lao vào để gây sức ép với trọng tài chính, trong đó có ngoại binh Kelly. Nguyễn Anh Đức, người giàu kinh nghiệm, đứng ra can ngăn đồng đội bởi phản đối quyết định của trọng tài không phải là điều có lợi cho HAGL.')
insert TINTUC values('TINTUC08',N'Bruno Fernandes mất niềm tin vào HLV Solskjaer','https://znews-photo.zadn.vn/w480/Uploaded/natmzz/2020_10_15/z1.JPG','Tiền vệ sinh năm 1994 không nhận thấy tương lai tươi sáng của MU nếu huấn luyện viên Solskjaer tiếp tục tại vị.',20,50,N'Hiển Thị',N'Chiều 15/10, HAGL tiếp đón đội Hà Nội trên sân Pleiku. Phút 52 của trận đấu, Dụng Quang Nho ngã trong vùng cấm của đội khách sau pha tranh chấp với Văn Quyết. Trọng tài chính nhận định đây là pha ăn vạ và "tặng" hậu vệ này tấm thẻ vàng.
Văn Toàn, người tung ra đường chuyền để Quang Nho băng xuống, cố gắng phân bua với trọng tài. Anh muốn HAGL được hưởng quả phạt đền ở thời điểm đội nhà bị dẫn 0-1.
Tuy nhiên, trọng tài chính vẫn tỏ ra kiên định. Tiền đạo quê Hải Dương tỏ ra thất vọng.
Nhiều cầu thủ HAGL lao vào để gây sức ép với trọng tài chính, trong đó có ngoại binh Kelly. Nguyễn Anh Đức, người giàu kinh nghiệm, đứng ra can ngăn đồng đội bởi phản đối quyết định của trọng tài không phải là điều có lợi cho HAGL.')
insert TINTUC values('TINTUC09',N'Juventus được xử thắng 3-0 vì đối thủ không xuất hiện','https://znews-photo.zadn.vn/w480/Uploaded/ofh_huqfztmf/2020_07_04/ronaldo.jpg','Ban tổ chức Serie A đưa ra phán quyết cuối cùng sau vụ Napoli không thể tới Turin đấu với Juventus hôm 4/10.',20,50,N'Hiển Thị',N'Chiều 15/10, HAGL tiếp đón đội Hà Nội trên sân Pleiku. Phút 52 của trận đấu, Dụng Quang Nho ngã trong vùng cấm của đội khách sau pha tranh chấp với Văn Quyết. Trọng tài chính nhận định đây là pha ăn vạ và "tặng" hậu vệ này tấm thẻ vàng.
Văn Toàn, người tung ra đường chuyền để Quang Nho băng xuống, cố gắng phân bua với trọng tài. Anh muốn HAGL được hưởng quả phạt đền ở thời điểm đội nhà bị dẫn 0-1.
Tuy nhiên, trọng tài chính vẫn tỏ ra kiên định. Tiền đạo quê Hải Dương tỏ ra thất vọng.
Nhiều cầu thủ HAGL lao vào để gây sức ép với trọng tài chính, trong đó có ngoại binh Kelly. Nguyễn Anh Đức, người giàu kinh nghiệm, đứng ra can ngăn đồng đội bởi phản đối quyết định của trọng tài không phải là điều có lợi cho HAGL.')
insert TINTUC values('TINTUC10',N'Lukaku có hiệu suất ghi bàn cao hơn Ronaldo, Messi','https://znews-photo.zadn.vn/w480/Uploaded/natmzz/2020_10_15/a.JPG','Ngôi sao sinh năm 1993 lập cú đúp giúp tuyển Bỉ đánh bại chủ nhà Iceland 2-1 ở vòng bảng UEFA Nations League rạng sáng 15/10 (giờ Hà Nội).',30,50,N'Hiển Thị',N'Chiều 15/10, HAGL tiếp đón đội Hà Nội trên sân Pleiku. Phút 52 của trận đấu, Dụng Quang Nho ngã trong vùng cấm của đội khách sau pha tranh chấp với Văn Quyết. Trọng tài chính nhận định đây là pha ăn vạ và "tặng" hậu vệ này tấm thẻ vàng.
Văn Toàn, người tung ra đường chuyền để Quang Nho băng xuống, cố gắng phân bua với trọng tài. Anh muốn HAGL được hưởng quả phạt đền ở thời điểm đội nhà bị dẫn 0-1.
Tuy nhiên, trọng tài chính vẫn tỏ ra kiên định. Tiền đạo quê Hải Dương tỏ ra thất vọng.
Nhiều cầu thủ HAGL lao vào để gây sức ép với trọng tài chính, trong đó có ngoại binh Kelly. Nguyễn Anh Đức, người giàu kinh nghiệm, đứng ra can ngăn đồng đội bởi phản đối quyết định của trọng tài không phải là điều có lợi cho HAGL.')
insert TINTUC values('TINTUC11',N'Bồ Đào Nha thắng 3-0 trong ngày vắng Ronaldo','https://znews-photo.zadn.vn/w480/Uploaded/mdf_drokxr/2020_10_15/jota_thumb.jpg','Không có sự phục vụ của tiền đạo khoác áo Juventus, thầy trò HLV Fernando Santos vẫn thi đấu áp đảo trước Thụy Điển để giành chiến thắng 3-0 rạng sáng 15/10 (giờ Hà Nội).',30,50,N'Hiển Thị',N'Chiều 15/10, HAGL tiếp đón đội Hà Nội trên sân Pleiku. Phút 52 của trận đấu, Dụng Quang Nho ngã trong vùng cấm của đội khách sau pha tranh chấp với Văn Quyết. Trọng tài chính nhận định đây là pha ăn vạ và "tặng" hậu vệ này tấm thẻ vàng.
Văn Toàn, người tung ra đường chuyền để Quang Nho băng xuống, cố gắng phân bua với trọng tài. Anh muốn HAGL được hưởng quả phạt đền ở thời điểm đội nhà bị dẫn 0-1.
Tuy nhiên, trọng tài chính vẫn tỏ ra kiên định. Tiền đạo quê Hải Dương tỏ ra thất vọng.
Nhiều cầu thủ HAGL lao vào để gây sức ép với trọng tài chính, trong đó có ngoại binh Kelly. Nguyễn Anh Đức, người giàu kinh nghiệm, đứng ra can ngăn đồng đội bởi phản đối quyết định của trọng tài không phải là điều có lợi cho HAGL.')
insert TINTUC values('TINTUC12',N'Van de Beek lập công giúp Hà Lan hòa Italy','https://znews-photo.zadn.vn/w480/Uploaded/natmzz/2020_10_15/van.JPG','Tiền vệ thuộc biên chế Man Utd tỏa sáng để giúp Hà Lan có trận hòa 1-1 trên sân khách ở vòng bảng UEFA Nations League rạng sáng 15/10 (giờ Hà Nội).',30,50,N'Hiển Thị',N'Chiều 15/10, HAGL tiếp đón đội Hà Nội trên sân Pleiku. Phút 52 của trận đấu, Dụng Quang Nho ngã trong vùng cấm của đội khách sau pha tranh chấp với Văn Quyết. Trọng tài chính nhận định đây là pha ăn vạ và "tặng" hậu vệ này tấm thẻ vàng.
Văn Toàn, người tung ra đường chuyền để Quang Nho băng xuống, cố gắng phân bua với trọng tài. Anh muốn HAGL được hưởng quả phạt đền ở thời điểm đội nhà bị dẫn 0-1.
Tuy nhiên, trọng tài chính vẫn tỏ ra kiên định. Tiền đạo quê Hải Dương tỏ ra thất vọng.
Nhiều cầu thủ HAGL lao vào để gây sức ép với trọng tài chính, trong đó có ngoại binh Kelly. Nguyễn Anh Đức, người giàu kinh nghiệm, đứng ra can ngăn đồng đội bởi phản đối quyết định của trọng tài không phải là điều có lợi cho HAGL.')
insert TINTUC values('TINTUC13',N'Neymar vượt Ronaldo, hướng tới phá kỷ lục ghi bàn của Pele','https://znews-photo.zadn.vn/w480/Uploaded/qxjrcqjwq/2020_10_14/neymar_comemora_seu_gol_pela_selecao_brasileira_na_partida_contra_o_peru_pelas_eliminatorias_da_copa_de_2022_1602635777520_v2_1920x1280.jpg','Sáng 14/10 (giờ Hà Nội), Neymar vượt thành tích ghi bàn của Ronaldo de Lima bằng cú hat-trick vào lưới Peru giúp tuyển Brazil thắng 4-2.',20,50,N'Hiển Thị',N'Chiều 15/10, HAGL tiếp đón đội Hà Nội trên sân Pleiku. Phút 52 của trận đấu, Dụng Quang Nho ngã trong vùng cấm của đội khách sau pha tranh chấp với Văn Quyết. Trọng tài chính nhận định đây là pha ăn vạ và "tặng" hậu vệ này tấm thẻ vàng.
Văn Toàn, người tung ra đường chuyền để Quang Nho băng xuống, cố gắng phân bua với trọng tài. Anh muốn HAGL được hưởng quả phạt đền ở thời điểm đội nhà bị dẫn 0-1.
Tuy nhiên, trọng tài chính vẫn tỏ ra kiên định. Tiền đạo quê Hải Dương tỏ ra thất vọng.
Nhiều cầu thủ HAGL lao vào để gây sức ép với trọng tài chính, trong đó có ngoại binh Kelly. Nguyễn Anh Đức, người giàu kinh nghiệm, đứng ra can ngăn đồng đội bởi phản đối quyết định của trọng tài không phải là điều có lợi cho HAGL.')
insert TINTUC values('TINTUC14',N'CLB TP.HCM trượt dài trong cuộc đua vô địch V.League','https://znews-photo.zadn.vn/w480/Uploaded/natmzz/2020_10_14/vvz.JPG','Thầy trò HLV Chung Hae-seong được chơi trên sân nhà nhưng nhận thất bại 0-1 trước Viettel ở trận đấu thuộc vòng 2, giai đoạn 2 V.League tối 14/10.',10,50,N'Hiển Thị',N'Chiều 15/10, HAGL tiếp đón đội Hà Nội trên sân Pleiku. Phút 52 của trận đấu, Dụng Quang Nho ngã trong vùng cấm của đội khách sau pha tranh chấp với Văn Quyết. Trọng tài chính nhận định đây là pha ăn vạ và "tặng" hậu vệ này tấm thẻ vàng.
Văn Toàn, người tung ra đường chuyền để Quang Nho băng xuống, cố gắng phân bua với trọng tài. Anh muốn HAGL được hưởng quả phạt đền ở thời điểm đội nhà bị dẫn 0-1.
Tuy nhiên, trọng tài chính vẫn tỏ ra kiên định. Tiền đạo quê Hải Dương tỏ ra thất vọng.
Nhiều cầu thủ HAGL lao vào để gây sức ép với trọng tài chính, trong đó có ngoại binh Kelly. Nguyễn Anh Đức, người giàu kinh nghiệm, đứng ra can ngăn đồng đội bởi phản đối quyết định của trọng tài không phải là điều có lợi cho HAGL.')
insert TINTUC values('TINTUC15',N'Sự quẫn trí của Loew kéo lùi tuyển Đức','https://znews-photo.zadn.vn/w480/Uploaded/ofh_huqfztmf/2020_10_14/2020_10_13T202148Z_383669185_UP1EGAD1KKCQ9_RTRMADP_3_SOCCER_UEFANATIONS_GER_SWI_REPORT.JPG','Sau 14 năm dẫn dắt tuyển Đức, huấn luyện viên Joachim Loew đang khiến "Die Mannschaft" tụt lùi với sự quẫn trí của mình trên ghế chỉ đạo.',20,50,N'Hiển Thị',N'Chiều 15/10, HAGL tiếp đón đội Hà Nội trên sân Pleiku. Phút 52 của trận đấu, Dụng Quang Nho ngã trong vùng cấm của đội khách sau pha tranh chấp với Văn Quyết. Trọng tài chính nhận định đây là pha ăn vạ và "tặng" hậu vệ này tấm thẻ vàng.
Văn Toàn, người tung ra đường chuyền để Quang Nho băng xuống, cố gắng phân bua với trọng tài. Anh muốn HAGL được hưởng quả phạt đền ở thời điểm đội nhà bị dẫn 0-1.
Tuy nhiên, trọng tài chính vẫn tỏ ra kiên định. Tiền đạo quê Hải Dương tỏ ra thất vọng.
Nhiều cầu thủ HAGL lao vào để gây sức ép với trọng tài chính, trong đó có ngoại binh Kelly. Nguyễn Anh Đức, người giàu kinh nghiệm, đứng ra can ngăn đồng đội bởi phản đối quyết định của trọng tài không phải là điều có lợi cho HAGL.')
insert TINTUC values('TINTUC16',N'Trọng tài bị chỉ trích sau trận Peru thua ngược Brazil','https://znews-photo.zadn.vn/w480/Uploaded/neg_etpyole/2020_10_14/TT.JPG','Truyền thông Peru dùng những từ ngữ nặng nề khi nói về trọng tài Julio Bascunan sau khi đội nhà thua 2-4 trước Brazil sáng 14/10 (giờ Hà Nội).',20,50,N'Hiển Thị',N'Chiều 15/10, HAGL tiếp đón đội Hà Nội trên sân Pleiku. Phút 52 của trận đấu, Dụng Quang Nho ngã trong vùng cấm của đội khách sau pha tranh chấp với Văn Quyết. Trọng tài chính nhận định đây là pha ăn vạ và "tặng" hậu vệ này tấm thẻ vàng.
Văn Toàn, người tung ra đường chuyền để Quang Nho băng xuống, cố gắng phân bua với trọng tài. Anh muốn HAGL được hưởng quả phạt đền ở thời điểm đội nhà bị dẫn 0-1.
Tuy nhiên, trọng tài chính vẫn tỏ ra kiên định. Tiền đạo quê Hải Dương tỏ ra thất vọng.
Nhiều cầu thủ HAGL lao vào để gây sức ép với trọng tài chính, trong đó có ngoại binh Kelly. Nguyễn Anh Đức, người giàu kinh nghiệm, đứng ra can ngăn đồng đội bởi phản đối quyết định của trọng tài không phải là điều có lợi cho HAGL.')
insert TINTUC values('TINTUC17',N'Tuyển Việt Nam và U22 có 4 tuần tập trung sau V.League','https://znews-photo.zadn.vn/w480/Uploaded/jopluat/2020_04_15/Xuan_Truong_Tuyen_Viet_Nam.jpg','Tuyển quốc gia và U22 Việt Nam sẽ tập trung khoảng 4 tuần sau khi V.League khép lại vào giữa tháng 11.',30,50,N'Hiển Thị',N'Chiều 15/10, HAGL tiếp đón đội Hà Nội trên sân Pleiku. Phút 52 của trận đấu, Dụng Quang Nho ngã trong vùng cấm của đội khách sau pha tranh chấp với Văn Quyết. Trọng tài chính nhận định đây là pha ăn vạ và "tặng" hậu vệ này tấm thẻ vàng.
Văn Toàn, người tung ra đường chuyền để Quang Nho băng xuống, cố gắng phân bua với trọng tài. Anh muốn HAGL được hưởng quả phạt đền ở thời điểm đội nhà bị dẫn 0-1.
Tuy nhiên, trọng tài chính vẫn tỏ ra kiên định. Tiền đạo quê Hải Dương tỏ ra thất vọng.
Nhiều cầu thủ HAGL lao vào để gây sức ép với trọng tài chính, trong đó có ngoại binh Kelly. Nguyễn Anh Đức, người giàu kinh nghiệm, đứng ra can ngăn đồng đội bởi phản đối quyết định của trọng tài không phải là điều có lợi cho HAGL.')
insert TINTUC values('TINTUC18',N'Công Phượng giành 2 giải thưởng cá nhân ở V.League','https://znews-photo.zadn.vn/w480/Uploaded/aopuoax/2020_09_26/cong_phuong_the_vang_nam_dinh.JPG','Chân sút của CLB TP.HCM được bầu là cầu thủ hay nhất tháng 7 và 9 cùng với phần thưởng cho chủ nhân 2 bàn thắng đẹp nhất giai đoạn này.',30,50,N'Hiển Thị',N'Chiều 15/10, HAGL tiếp đón đội Hà Nội trên sân Pleiku. Phút 52 của trận đấu, Dụng Quang Nho ngã trong vùng cấm của đội khách sau pha tranh chấp với Văn Quyết. Trọng tài chính nhận định đây là pha ăn vạ và "tặng" hậu vệ này tấm thẻ vàng.
Văn Toàn, người tung ra đường chuyền để Quang Nho băng xuống, cố gắng phân bua với trọng tài. Anh muốn HAGL được hưởng quả phạt đền ở thời điểm đội nhà bị dẫn 0-1.
Tuy nhiên, trọng tài chính vẫn tỏ ra kiên định. Tiền đạo quê Hải Dương tỏ ra thất vọng.
Nhiều cầu thủ HAGL lao vào để gây sức ép với trọng tài chính, trong đó có ngoại binh Kelly. Nguyễn Anh Đức, người giàu kinh nghiệm, đứng ra can ngăn đồng đội bởi phản đối quyết định của trọng tài không phải là điều có lợi cho HAGL.')
go

insert HINHANH values('https://znews-photo.zadn.vn/w1024/Uploaded/yrfjpyvslyr/2020_10_15/hagl_zing.jpg')
insert HINHANH values('https://znews-photo.zadn.vn/w1024/Uploaded/yrfjpyvslyr/2020_10_15/hagl_1_zing.jpg')
insert HINHANH values('https://znews-photo.zadn.vn/w660/Uploaded/ihvunvj/2020_10_15/futsalvietnam_1.jpg')
insert HINHANH values('https://znews-photo.zadn.vn/w660/Uploaded/natmzz/2020_10_15/6_zing_3_.jpg')
insert HINHANH values('https://znews-photo.zadn.vn/w660/Uploaded/natmzz/2020_10_15/2_zing.jpg')
insert HINHANH values('https://znews-photo.zadn.vn/w660/Uploaded/yrfjpyvslyr/2020_10_15/u23_thuong_chau_zing_4.jpg')
insert HINHANH values('https://znews-photo.zadn.vn/w660/Uploaded/ofh_huqfztmf/2020_10_14/bruno_fernandes_mu_0.jpg')	
insert HINHANH values('https://znews-photo.zadn.vn/Uploaded/bzcwvobl/2020_10_15/Harry4.jpg')
insert HINHANH values('https://znews-photo.zadn.vn/Uploaded/bzcwvobl/2020_10_15/Harry.jpg')	
insert HINHANH values('https://znews-photo.zadn.vn/Uploaded/bzcwvobl/2020_10_15/jacj2.jpg')
insert HINHANH values('https://znews-photo.zadn.vn/Uploaded/bzcwvobl/2020_10_15/jack3.jpg')
insert HINHANH values('https://znews-photo.zadn.vn/w660/Uploaded/natmzz/2020_10_15/1.jpg')
insert HINHANH values('https://znews-photo.zadn.vn/w660/Uploaded/ofh_huqfztmf/2020_01_22/Chiellini_Juventus_2018_800x504.jpeg')
insert HINHANH values('https://znews-photo.zadn.vn/w660/Uploaded/natmzz/2020_10_15/1_1.jpg')
insert HINHANH values('https://znews-photo.zadn.vn/w1024/Uploaded/mdf_drokxr/2020_10_15/ronaldo_1.JPG')
insert HINHANH values('https://znews-photo.zadn.vn/w1024/Uploaded/mdf_drokxr/2020_10_15/ronaldo_2.JPG')
insert HINHANH values('https://znews-photo.zadn.vn/w1024/Uploaded/mdf_drokxr/2020_10_15/ronaldo_3.JPG')
insert HINHANH values('https://znews-photo.zadn.vn/w660/Uploaded/natmzz/2020_10_15/z111.JPG')
insert HINHANH values('https://znews-photo.zadn.vn/w660/Uploaded/natmzz/2020_10_15/2020_10_14T201054Z_484851570_UP1EGAE1K260N_RTRMADP_3_SOCCER_UEFANATIONS_ITA_NLD_REPORT.JPG')
insert HINHANH values('https://znews-photo.zadn.vn/w660/Uploaded/qxjrcqjwq/2020_10_14/0fcda056_8cc4_4468_bd91_009dd9f8a412.jpg')
insert HINHANH values('https://znews-photo.zadn.vn/w660/Uploaded/natmzz/2020_10_14/6_zing.jpg')
insert HINHANH values('https://znews-photo.zadn.vn/w660/Uploaded/natmzz/2020_10_14/4_zing_2_.jpg')
insert HINHANH values('https://znews-photo.zadn.vn/Uploaded/ofh_huqfztmf/2020_10_14/2020_10_13T200621Z_1184949575_UP1EGAD1JULPO_RTRMADP_3_SOCCER_UEFANATIONS_GER_SWI_REPORT.JPG')
insert HINHANH values('https://znews-photo.zadn.vn/Uploaded/ofh_huqfztmf/2020_10_14/low.jpg')
insert HINHANH values('https://znews-photo.zadn.vn/w660/Uploaded/neg_etpyole/2020_10_14/2020_10_14T015609Z_2142886859_RC21IJ9JKTZL_RTRMADP_3_SOCCER_WORLDCUP_PER_BRA_REPORT.JPG')
insert HINHANH values('https://znews-photo.zadn.vn/w660/Uploaded/jopluat/2020_07_30/Tuyen_Viet_Nam_zing.jpg')
insert HINHANH values('https://znews-photo.zadn.vn/w660/Uploaded/aopuoax/2020_10_14/cong_phuong_clb_sai_gon_zing.jpg')
go
insert LOAITIN values('LOAITIN01',N'Tin tức trong tuần')
insert LOAITIN values('LOAITIN02',N'Tin tức chuyển nhượng')
go
insert HASHTAG values('Việt Nam')
insert HASHTAG values('Nước ngoài')
go
insert sub_TINTUC values('TINTUC01',null,null,'LOAITIN01')
insert sub_TINTUC values('TINTUC01',null,null,'LOAITIN01')
insert sub_TINTUC values('TINTUC01',1,null,'LOAITIN01')
insert sub_TINTUC values('TINTUC01',null,1,'LOAITIN01')
insert sub_TINTUC values('TINTUC02',null,null,'LOAITIN01')
insert sub_TINTUC values('TINTUC02',2,null,'LOAITIN01')
insert sub_TINTUC values('TINTUC02',null,1,'LOAITIN01')
insert sub_TINTUC values('TINTUC03',null,null,'LOAITIN01')
insert sub_TINTUC values('TINTUC03',null,null,'LOAITIN01')
insert sub_TINTUC values('TINTUC03',3,null,'LOAITIN01')
insert sub_TINTUC values('TINTUC03',null,1,'LOAITIN01')
insert sub_TINTUC values('TINTUC04',null,null,'LOAITIN01')
insert sub_TINTUC values('TINTUC04',4,null,'LOAITIN01')
insert sub_TINTUC values('TINTUC04',null,2,'LOAITIN01')
insert sub_TINTUC values('TINTUC05',null,null,'LOAITIN01')
insert sub_TINTUC values('TINTUC05',5,null,'LOAITIN01')
insert sub_TINTUC values('TINTUC05',null,2,'LOAITIN01')
insert sub_TINTUC values('TINTUC06',null,null,'LOAITIN01')
insert sub_TINTUC values('TINTUC06',null,null,'LOAITIN01')
insert sub_TINTUC values('TINTUC06',6,null,'LOAITIN01')
insert sub_TINTUC values('TINTUC06',null,2,'LOAITIN01')
insert sub_TINTUC values('TINTUC07',null,null,'LOAITIN01')
insert sub_TINTUC values('TINTUC07',null,null,'LOAITIN01')
insert sub_TINTUC values('TINTUC07',7,null,'LOAITIN01')
insert sub_TINTUC values('TINTUC07',null,2,'LOAITIN01')
insert sub_TINTUC values('TINTUC08',null,null,'LOAITIN01')
insert sub_TINTUC values('TINTUC08',8,null,'LOAITIN01')
insert sub_TINTUC values('TINTUC08',null,2,'LOAITIN01')
insert sub_TINTUC values('TINTUC09',null,null,'LOAITIN01')
insert sub_TINTUC values('TINTUC09',9,null,'LOAITIN01')
insert sub_TINTUC values('TINTUC09',null,2,'LOAITIN01')
insert sub_TINTUC values('TINTUC10',null,null,'LOAITIN02')
insert sub_TINTUC values('TINTUC10',10,null,'LOAITIN02')
insert sub_TINTUC values('TINTUC10',null,2,'LOAITIN02')
insert sub_TINTUC values('TINTUC11',null,null,'LOAITIN02')
insert sub_TINTUC values('TINTUC11',null,null,'LOAITIN02')
insert sub_TINTUC values('TINTUC11',null,null,'LOAITIN02')
insert sub_TINTUC values('TINTUC11',11,null,'LOAITIN02')
insert sub_TINTUC values('TINTUC11',null,2,'LOAITIN02')
insert sub_TINTUC values('TINTUC12',null,null,'LOAITIN02')
insert sub_TINTUC values('TINTUC12',null,null,'LOAITIN02')
insert sub_TINTUC values('TINTUC12',12,null,'LOAITIN02')
insert sub_TINTUC values('TINTUC12',null,2,'LOAITIN02')
insert sub_TINTUC values('TINTUC13',null,null,'LOAITIN02')
insert sub_TINTUC values('TINTUC13',13,null,'LOAITIN02')
insert sub_TINTUC values('TINTUC13',null,2,'LOAITIN02')
insert sub_TINTUC values('TINTUC14',null,null,'LOAITIN02')
insert sub_TINTUC values('TINTUC14',null,null,'LOAITIN02')
insert sub_TINTUC values('TINTUC14',14,null,'LOAITIN02')
insert sub_TINTUC values('TINTUC14',null,1,'LOAITIN02')
insert sub_TINTUC values('TINTUC15',null,null,'LOAITIN02')
insert sub_TINTUC values('TINTUC15',null,null,'LOAITIN02')
insert sub_TINTUC values('TINTUC15',15,null,'LOAITIN02')
insert sub_TINTUC values('TINTUC15',null,2,'LOAITIN02')
insert sub_TINTUC values('TINTUC16',null,null,'LOAITIN02')
insert sub_TINTUC values('TINTUC16',16,null,'LOAITIN02')
insert sub_TINTUC values('TINTUC16',null,2,'LOAITIN02')
insert sub_TINTUC values('TINTUC17',null,null,'LOAITIN02')
insert sub_TINTUC values('TINTUC17',17,null,'LOAITIN02')
insert sub_TINTUC values('TINTUC17',null,1,'LOAITIN02')
insert sub_TINTUC values('TINTUC18',null,null,'LOAITIN02')
insert sub_TINTUC values('TINTUC18',18,null,'LOAITIN02')
insert sub_TINTUC values('TINTUC18',null,1,'LOAITIN02')
go

Insert into DOIBONG
Values ('G6DOI001', N'Becamax Bình Dương', 'https://dothethao.net.vn/wp-content/uploads/2020/06/logo-becamex-binh-duong.png', 'https://www.keonhanh.com/wp-content/uploads/2018/11/cau-lac-bo-bong-da-becamex-binh-duong.jpg')
Insert into DOIBONG
Values ('G6DOI002', N'Dược Nam Hà Nam Định', 'https://dothethao.net.vn/wp-content/uploads/2020/06/logo-nam-dinh-fc.png', 'https://static.bongda24h.vn/medias/amp/2020/8/4/cau-lac-bo-bong-da-nam-dinh.jpg')
Insert into DOIBONG
Values ('G6DOI003', N'Hà Nội', 'https://vpf.vn/wp-content/uploads/2018/10/Logo-CLB-Hanoi-5stars.png', 'https://static.bongda24h.vn/medias/standard/2019/2/13/51733944_2676785098999095_8505491922893144064_n.jpg')
Insert into DOIBONG
Values ('G6DOI004', N'Hải Phòng', 'https://dothethao.net.vn/wp-content/uploads/2020/06/logo-hai-phong-fc.png', 'https://cdn.24h.com.vn/upload/1-2020/images/2020-03-05/CLB-Hai-Phong-va-bong-da--1--1583401064-256-width660height440.jpg')
Insert into DOIBONG
Values ('G6DOI005', N'Hoàng Anh Gia Lai', 'https://dothethao.net.vn/wp-content/uploads/2020/06/logo-hoang-anh-gia-lai-fc.png', 'https://thethaovn.net/wp-content/uploads/2020/07/clb-hagl-so-huu-thanh-tich-vo-doi-o-san-nha-mua-giai-nam-nay.jpg')
Insert into DOIBONG
Values ('G6DOI006', N'Hồng Lĩnh Hà Tĩnh', 'https://dothethao.net.vn/wp-content/uploads/2020/06/logo-hong-linh-ha-tinh-fc.png', 'https://photo-1-baomoi.zadn.vn/w1000_r1/2020_07_12_293_35662155/fe8f529ee1dd088351cc.jpg')
Insert into DOIBONG
Values ('G6DOI007', N'Quảng Nam', 'https://dothethao.net.vn/wp-content/uploads/2020/06/logo-quang-nam-fc.png', 'https://www.keonhanh.com/wp-content/uploads/2019/01/cac-cau-thu-clb-quang-nam-1.jpg')
Insert into DOIBONG
Values ('G6DOI008', N'Sài Gòn', 'https://dothethao.net.vn/wp-content/uploads/2020/06/logo-sai-gon-fc.png', 'https://sohanews.sohacdn.com/thumb_w/660/2017/clb-sai-gon-anh-hoang-trieu-2-1483416588683-0-0-409-660-crop-1483416604219.jpg')
Insert into DOIBONG
Values ('G6DOI009', N'SHB Đà Nẵng', 'https://dothethao.net.vn/wp-content/uploads/2020/06/logo-shb-da-nang.png', 'https://danviet.mediacdn.vn/upload/1-2020/images/2020-02-07/SHB-da-Nang-Ngoai-binh-troi-au-va-ao-dau-cuc-chat-cho-mua-giai-moi-maxresdefault-1581068992-width1280height720.jpg')
Insert into DOIBONG
Values ('G6DOI010', N'Sông Lam Nghệ An', 'https://dothethao.net.vn/wp-content/uploads/2020/06/logo-song-lam-nghe-an.png', 'http://www.slnafc.com/Uploads/images/Tin%20tuc%202017/Slide-22400%20(700%20x%20310).jpg')
Insert into DOIBONG
Values ('G6DOI011', N'Than Quảng Ninh', 'https://dothethao.net.vn/wp-content/uploads/2020/06/logo-than-quang-ninh.png', 'https://lh3.googleusercontent.com/proxy/pKFuqDecWuqg0Sdtl0Yyg20BsSqv9OvjQH4rzJy1yl4xVqItui9AnAferJZ_3yO6iADfZ7lI3iR024dM0rXNLubElVljpH89Bc-yh0QmwcmQ6u-9P8EHYAS4=s0-d')
Insert into DOIBONG
Values ('G6DOI012', N'Thanh Hóa', 'https://dothethao.net.vn/wp-content/uploads/2020/06/logo-flc-thanh-hoa.png', 'https://media.bongda.com.vn/files/vien.le/2016/12/29/anh1-0703.jpg')
Insert into DOIBONG
Values ('G6DOI013', N'TP Hồ Chí Minh', 'https://dothethao.net.vn/wp-content/uploads/2020/06/logo-ho-chi-minh-fc.png', 'https://media.thethao247.vn/upload/anhquan/2020/02/29/IMG_3884.JPG')
Insert into DOIBONG
Values ('G6DOI014', N'Viettel', 'https://dothethao.net.vn/wp-content/uploads/2020/06/logo-viettel.png', 'https://photo-1-baomoi.zadn.vn/w1000_r1/2018_12_28_16_29169636/31fd54e31ca2f5fcacb3.jpg')
go
-- Thêm dữ liệu vào bảng CAUTHU
	-- Cầu thủ đội Becamex Bình Dương
Insert into CAUTHU
Values ('G6D01CT001', N'Phạm Văn Tiến', 'https://vpf.vn/wp-content/uploads/2018/12/Phan-V%C4%83n-Ti%E1%BA%BFn-_1-150x150.jpg', 'G6DOI001')
Insert into CAUTHU
Values ('G6D01CT002', N'Hồ Tấn Tài', 'https://vpf.vn/wp-content/uploads/2018/12/H%E1%BB%93-T%E1%BA%A5n-T%C3%A0i-_-4-150x150.jpg', 'G6DOI001')
Insert into CAUTHU
Values ('G6D01CT003', N'Trần Hữu Đông Triều', 'https://vpf.vn/wp-content/uploads/2018/12/Tr%E1%BA%A7n-H%E1%BB%AFu-%C4%90%C3%B4ng-Tri%E1%BB%81u_5-150x150.jpg', 'G6DOI001')
Insert into CAUTHU
Values ('G6D01CT004', N'Hedipo Gustavo', 'https://vpf.vn/wp-content/uploads/2020/01/Hedip-Gustavo_10-150x150.jpg', 'G6DOI001')
Insert into CAUTHU
Values ('G6D01CT005', N'Tống Anh Tỷ', 'https://vpf.vn/wp-content/uploads/2018/12/T%E1%BB%91ng-Anh-T%E1%BB%B7-17-150x150.jpg', 'G6DOI001')
Insert into CAUTHU
Values ('G6D01CT006', N'Ngô Hồng Phước', 'https://vpf.vn/wp-content/uploads/2019/03/Ng%C3%B4-H%E1%BB%93ng-Ph%C6%B0%E1%BB%9Bc_19-150x150.jpg', 'G6DOI001')
Insert into CAUTHU
Values ('G6D01CT007', N'Nguyễn Tiến Linh', 'https://vpf.vn/wp-content/uploads/2018/12/Nguy%E1%BB%85n-Ti%E1%BA%BFn-Linh_22-150x150.jpg', 'G6DOI001')
Insert into CAUTHU
Values ('G6D01CT008', N'Rabo Ali', 'https://vpf.vn/wp-content/uploads/2019/07/Rabo-Ali_88-150x150.jpg', 'G6DOI001')
Insert into CAUTHU
Values ('G6D01CT009', N'Tô Văn Vũ', 'https://vpf.vn/wp-content/uploads/2018/12/T%C3%B4-V%C4%83n-V%C5%A9-_-28-150x150.jpg', 'G6DOI001')
Insert into CAUTHU
Values ('G6D01CT010', N'Trần Phi Hà', 'https://vpf.vn/wp-content/uploads/2020/01/Tr%E1%BA%A7n-Phi-H%C3%A0_26-150x150.jpg', 'G6DOI001')
Insert into CAUTHU
Values ('G6D01CT011', N'Hồ Sỹ Giáp', 'https://vpf.vn/wp-content/uploads/2018/12/H%E1%BB%93-S%E1%BB%B9-Gi%C3%A1p-_27_xanh-150x150.jpg', 'G6DOI001')
Insert into CAUTHU
Values ('G6D01CT012', N'Đào Tấn Lộc', 'https://vpf.vn/wp-content/uploads/2018/12/%C4%90%C3%A0o-T%E1%BA%A5n-L%E1%BB%99c-_21-150x150.jpg', 'G6DOI001')
go
-- Thêm dữ liệu vào bảng CAUTHU
	-- Cầu thủ đội Dược Nam Hà Nam Định
Insert into CAUTHU
Values ('G6D02CT001', N'Trần Liêm Điều', 'https://vpf.vn/wp-content/uploads/2019/02/Tran-Liem-Dieu_1-150x150.jpg', 'G6DOI002')
Insert into CAUTHU
Values ('G6D02CT002', N'Phạm Minh Nghĩa', 'https://vpf.vn/wp-content/uploads/2018/12/Pham-Minh-Nghia_3-150x150.jpg', 'G6DOI002')
Insert into CAUTHU
Values ('G6D02CT003', N'Trần Hữu Hoàng', 'https://vpf.vn/wp-content/uploads/2020/01/Tran-Huu-Hoang_4-150x150.jpg', 'G6DOI002')
Insert into CAUTHU
Values ('G6D02CT004', N'Lâm Anh Quang', 'https://vpf.vn/wp-content/uploads/2018/12/Lam-Anh-Quang-5-150x150.jpg', 'G6DOI002')
Insert into CAUTHU
Values ('G6D02CT005', N'Lê Sỹ Minh', 'https://vpf.vn/wp-content/uploads/2018/12/Le-Sy-Minh_08-150x150.jpg', 'G6DOI002')
Insert into CAUTHU
Values ('G6D02CT006', N'Trần Mạnh Hùng', 'https://vpf.vn/wp-content/uploads/2018/12/Tran-Manh-Hung_10-150x150.jpg', 'G6DOI002')
Insert into CAUTHU
Values ('G6D02CT007', N'Phạm Hồng Sơn', 'https://vpf.vn/wp-content/uploads/2018/12/Pham-Hong-Son_14-150x150.jpg', 'G6DOI002')
Insert into CAUTHU
Values ('G6D02CT008', N'Hoàng Xuân Tân', 'https://vpf.vn/wp-content/uploads/2020/01/Hoang-Xuan-Tan_17-150x150.jpg', 'G6DOI002')
Insert into CAUTHU
Values ('G6D02CT009', N'Đoàn Thanh Trường', 'https://vpf.vn/wp-content/uploads/2019/02/Doan-Thanh-Truong_18-150x150.jpg', 'G6DOI002')
Insert into CAUTHU
Values ('G6D02CT010', N'Ngô Đức Huy', 'https://vpf.vn/wp-content/uploads/2020/01/Ngo-Duc-Huy_22-150x150.jpg', 'G6DOI002')
Insert into CAUTHU
Values ('G6D02CT011', N'Phan Văn Hiếu', 'https://vpf.vn/wp-content/uploads/2020/02/Phan-Van-Hieu_23-150x150.jpg', 'G6DOI002')
Insert into CAUTHU
Values ('G6D02CT012', N'Đinh Quang Phán', 'https://vpf.vn/wp-content/uploads/2018/12/Dinh-Quang-Phan_25-150x150.jpg', 'G6DOI002')
go
-- Thêm dữ liệu vào bảng CAUTHU
	-- Cầu thủ đội Hà Nội
Insert into CAUTHU
Values ('G6D03CT001', N'Bùi Tấn Trường', 'https://vpf.vn/wp-content/uploads/2018/12/TRUONG-150x150.png', 'G6DOI003')
Insert into CAUTHU
Values ('G6D03CT002', N'Nguyễn Văn Dũng', 'https://vpf.vn/wp-content/uploads/2018/12/4-NGUYEN-VAN-DUNG-150x150.jpg', 'G6DOI003')
Insert into CAUTHU
Values ('G6D03CT003', N'Đoàn Văn Hậu', 'https://vpf.vn/wp-content/uploads/2018/12/Doan-Van-Hau-150x150.jpg', 'G6DOI003')
Insert into CAUTHU
Values ('G6D03CT004', N'Đậu Văn Toàn', 'https://vpf.vn/wp-content/uploads/2018/12/6-DAU-VAN-TOAN-150x150.jpg', 'G6DOI003')
Insert into CAUTHU
Values ('G6D03CT005', N'Mạch Ngọc Hà', 'https://vpf.vn/wp-content/uploads/2018/12/7-MACH-NGOC-HA-150x150.jpg', 'G6DOI003')
Insert into CAUTHU
Values ('G6D03CT006', N'Moses Oloya', 'https://vpf.vn/wp-content/uploads/2018/12/8-OLOYA-MOSES-150x150.jpg', 'G6DOI003')
Insert into CAUTHU
Values ('G6D03CT007', N'Nguyễn Văn Quyết', 'https://vpf.vn/wp-content/uploads/2018/12/10-NGUYEN-VAN-QUYET-150x150.jpg', 'G6DOI003')
Insert into CAUTHU
Values ('G6D03CT008', N'Phạm Thành Lương', 'https://vpf.vn/wp-content/uploads/2018/12/11-PHAM-THANH-LUONG-150x150.jpg', 'G6DOI003')
Insert into CAUTHU
Values ('G6D03CT009', N'Trần Văn Kiên', 'https://vpf.vn/wp-content/uploads/2018/12/13-TRAN-VAN-KIEN-150x150.jpg', 'G6DOI003')
Insert into CAUTHU
Values ('G6D03CT010', N'Phạm Đức Huy', 'https://vpf.vn/wp-content/uploads/2018/12/15-PHAM-DUC-HUY-150x150.jpg', 'G6DOI003')
Insert into CAUTHU
Values ('G6D03CT011', N'Nguyễn Thành Chung', 'https://vpf.vn/wp-content/uploads/2018/12/16-NGUYEN-THANH-CHUNG-150x150.jpg', 'G6DOI003')
Insert into CAUTHU
Values ('G6D03CT012', N'Đặng Văn Tới', 'https://vpf.vn/wp-content/uploads/2018/12/17-DANG-VAN-TOI-150x150.jpeg', 'G6DOI003')
go
-- Thêm dữ liệu vào bảng CAUTHU
	-- Cầu thủ đội Hải Phòng
Insert into CAUTHU
Values ('G6D04CT001', N'Nguyễn Văn Phong', 'https://vpf.vn/wp-content/uploads/2019/03/Nguy%E1%BB%85n-V%C4%83n-Phong-01-150x150.jpg', 'G6DOI004')
Insert into CAUTHU
Values ('G6D04CT002', N'Lê Trung Hiếu', 'https://vpf.vn/wp-content/uploads/2018/12/L%C3%AA-Trung-Hi%E1%BA%BFu-02-150x150.jpg', 'G6DOI004')
Insert into CAUTHU
Values ('G6D04CT003', N'Phạm Mạnh Hùng', 'https://vpf.vn/wp-content/uploads/2018/12/Ph%E1%BA%A1m-M%E1%BA%A1nh-H%C3%B9ng-03-150x150.jpg', 'G6DOI004')
Insert into CAUTHU
Values ('G6D04CT004', N'Nguyễn Đình Tài', 'https://vpf.vn/wp-content/uploads/2018/12/Nguy%E1%BB%85n-%C4%90%C3%ACnh-T%C3%A0i-05-150x150.jpg', 'G6DOI004')
Insert into CAUTHU
Values ('G6D04CT005', N'Nguyễn Hữu Phúc', 'https://vpf.vn/wp-content/uploads/2018/12/Nguy%E1%BB%85n-H%E1%BB%AFu-Ph%C3%BAc-06-150x150.jpg', 'G6DOI004')
Insert into CAUTHU
Values ('G6D04CT006', N'Mpande Joseph Mbolimbo', 'https://vpf.vn/wp-content/uploads/2019/02/Mpande-Joseph-Mbolimbo-150x150.jpg', 'G6DOI004')
Insert into CAUTHU
Values ('G6D04CT007', N'Lê Thế Cường', 'https://vpf.vn/wp-content/uploads/2018/12/L%C3%AA-Th%E1%BA%BF-C%C6%B0%E1%BB%9Dng-09-150x150.jpg', 'G6DOI004')
Insert into CAUTHU
Values ('G6D04CT008', N'Diego Olivera Silva', 'https://vpf.vn/wp-content/uploads/2020/01/Diego-Olivera-Silva-10-150x150.jpg', 'G6DOI004')
Insert into CAUTHU
Values ('G6D04CT009', N'Andre Diego Fagan', 'https://vpf.vn/wp-content/uploads/2018/12/fagan-150x150.jpg', 'G6DOI004')
Insert into CAUTHU
Values ('G6D04CT010', N'Nguyễn Hữu Tuấn', 'https://vpf.vn/wp-content/uploads/2018/12/Nguy%E1%BB%85n-H%E1%BB%AFu-Tu%E1%BA%A5n-12-150x150.jpg', 'G6DOI004')
Insert into CAUTHU
Values ('G6D04CT011', N'Doãn Ngọc Tân', 'https://vpf.vn/wp-content/uploads/2018/12/Do%C3%A3n-Ng%E1%BB%8Dc-T%C3%A2n-15-150x150.jpg', 'G6DOI004')
Insert into CAUTHU
Values ('G6D04CT012', N'Mạc Hồng Quân', 'https://vpf.vn/wp-content/uploads/2018/12/Mac-Hong-Quan-1-150x150.jpg', 'G6DOI004')
go
-- Thêm dữ liệu vào bảng CAUTHU
	-- Cầu thủ đội Hoàng Anh Gia Lai
Insert into CAUTHU
Values ('G6D05CT001', N'Trần Bửu Ngọc', 'https://vpf.vn/wp-content/uploads/2018/12/no-68-Tran-Buu-Ngoc-150x150.jpg', 'G6DOI005')
Insert into CAUTHU
Values ('G6D05CT002', N'Nguyễn Cảnh Anh', 'https://vpf.vn/wp-content/uploads/2019/03/2-NGUY%E1%BB%84N-C%E1%BA%A2NH-ANH-150x150.jpg', 'G6DOI005')
Insert into CAUTHU
Values ('G6D05CT003', N'Nguyễn Hữu Anh Tài', 'https://vpf.vn/wp-content/uploads/2018/12/Nguy%E1%BB%85n-H%E1%BB%AFu-Anh-T%C3%A0i_75-SN-150x150.jpg', 'G6DOI005')
Insert into CAUTHU
Values ('G6D05CT004', N'Memovic Damir', 'https://vpf.vn/wp-content/uploads/2019/02/Memovic-150x150.jpg', 'G6DOI005')
Insert into CAUTHU
Values ('G6D05CT005', N'Âu Dương Quân', 'https://vpf.vn/wp-content/uploads/2019/04/5-%C3%82U-D%C6%AF%C6%A0NG-QU%C3%82N-150x150.jpg', 'G6DOI005')
Insert into CAUTHU
Values ('G6D05CT006', N'Lương Xuân Trường', 'https://vpf.vn/wp-content/uploads/2018/12/Luong-Xuan-Truong_1425870687-150x150.jpg', 'G6DOI005')
Insert into CAUTHU
Values ('G6D05CT007', N'Nguyễn Phong Hồng Duy', 'https://vpf.vn/wp-content/uploads/2018/12/7-NGUY%E1%BB%84N-PHONG-H%E1%BB%92NG-DUY-150x150.jpg', 'G6DOI005')
Insert into CAUTHU
Values ('G6D05CT008', N'Trần Minh Vương', 'https://vpf.vn/wp-content/uploads/2018/12/8-TR%E1%BA%A6N-MINH-V%C6%AF%C6%A0NG-150x150.jpg', 'G6DOI005')
Insert into CAUTHU
Values ('G6D05CT009', N'Nguyễn Văn Toàn', 'https://vpf.vn/wp-content/uploads/2018/12/Nguy%E1%BB%85n-V%C4%83n-To%C3%A0n_9-SN-150x150.jpg', 'G6DOI005')
Insert into CAUTHU
Values ('G6D05CT010', N'Nguyễn Tuấn Anh', 'https://vpf.vn/wp-content/uploads/2018/12/11-NGUY%E1%BB%84N-TU%E1%BA%A4N-ANH-150x150.jpg', 'G6DOI005')
Insert into CAUTHU
Values ('G6D05CT011', N'Oahimijie Kelly', 'https://vpf.vn/wp-content/uploads/2020/01/12-OAHIMUIE-KELLY-150x150.jpg', 'G6DOI005')
Insert into CAUTHU
Values ('G6D05CT012', N'Vũ Văn Thanh', 'https://vpf.vn/wp-content/uploads/2018/12/V%C5%A9-V%C4%83n-Thanh_17-SN-150x150.jpg', 'G6DOI005')
go
-- Thêm dữ liệu vào bảng CAUTHU
	-- Cầu thủ đội Hồng Lĩnh Hà Tĩnh
Insert into CAUTHU
Values ('G6D06CT001', N'Nguyễn Hoài Anh', 'https://vpf.vn/wp-content/uploads/2018/12/Nguy%E1%BB%85n-Ho%C3%A0i-Anh-s%E1%BB%91-1-150x150.jpg', 'G6DOI006')
Insert into CAUTHU
Values ('G6D06CT002', N'Hoàng Ngọc Hào', 'https://vpf.vn/wp-content/uploads/2018/12/Ho%C3%A0ng-Ng%E1%BB%8Dc-H%C3%A0o-s%E1%BB%91-2-150x150.jpg', 'G6DOI006')
Insert into CAUTHU
Values ('G6D06CT003', N'Vũ Hữu Quý', 'https://vpf.vn/wp-content/uploads/2018/12/V%C5%A9-H%E1%BB%AFu-Qu%C3%BD-s%E1%BB%91-3-150x150.jpg', 'G6DOI006')
Insert into CAUTHU
Values ('G6D06CT004', N'Trần Đức Nam', 'https://vpf.vn/wp-content/uploads/2018/12/Tr%E1%BA%A7n-%C4%90%E1%BB%A9c-Nam-s%E1%BB%91-5-150x150.jpg', 'G6DOI006')
Insert into CAUTHU
Values ('G6D06CT005', N'Lý Công Hoàng Anh', 'https://vpf.vn/wp-content/uploads/2018/12/L%C3%BD-C%C3%B4ng-Ho%C3%A0ng-Anh-s%E1%BB%91-6-150x150.jpg', 'G6DOI006')
Insert into CAUTHU
Values ('G6D06CT006', N'Lê Mạnh Dũng', 'https://vpf.vn/wp-content/uploads/2018/12/L%C3%AA-M%E1%BA%A1nh-D%C5%A9ng-s%E1%BB%91-7-150x150.jpg', 'G6DOI006')
Insert into CAUTHU
Values ('G6D06CT007', N'Bruno Henrique', 'https://vpf.vn/wp-content/uploads/2020/01/Bruno-Henrique-De-Sousa-s%E1%BB%91-9-150x150.jpg', 'G6DOI006')
Insert into CAUTHU
Values ('G6D06CT008', N'Phạm Tuấn Hải', 'https://vpf.vn/wp-content/uploads/2018/12/Ph%E1%BA%A1m-Tu%E1%BA%A5n-H%E1%BA%A3i-s%E1%BB%91-10-150x150.jpg', 'G6DOI006')
Insert into CAUTHU
Values ('G6D06CT009', N'Nguyễn Văn Hiệp', 'https://vpf.vn/wp-content/uploads/2019/05/Nguy%E1%BB%85n-V%C4%83n-Hi%E1%BB%87p-s%E1%BB%91-11-150x150.jpg', 'G6DOI006')
Insert into CAUTHU
Values ('G6D06CT010', N'Nguyễn Văn Toản', 'https://vpf.vn/wp-content/uploads/2018/12/Nguy%E1%BB%85n-V%C4%83n-To%E1%BA%A3n-s%E1%BB%91-15-150x150.png', 'G6DOI006')
Insert into CAUTHU
Values ('G6D06CT011', N'Phạm Văn Long', 'https://vpf.vn/wp-content/uploads/2018/12/Ph%E1%BA%A1m-V%C4%83n-Long-s%E1%BB%91-16-150x150.jpg', 'G6DOI006')
Insert into CAUTHU
Values ('G6D06CT012', N'Đào Văn Nam', 'https://vpf.vn/wp-content/uploads/2018/12/%C4%90%C3%A0o-V%C4%83n-Nam-s%E1%BB%91-17-150x150.jpg', 'G6DOI006')
go
-- Thêm dữ liệu vào bảng CAUTHU
	-- Cầu thủ đội Quảng Nam
Insert into CAUTHU
Values ('G6D07CT001', N'Nguyễn Ngọc Bin', 'https://vpf.vn/wp-content/uploads/2020/01/1-Nguyen-Ngoc-Bin-150x150.jpg', 'G6DOI007')
Insert into CAUTHU
Values ('G6D07CT002', N'Đinh Viết Tú', 'https://vpf.vn/wp-content/uploads/2018/12/2-Dinh-Viet-Tu-150x150.jpg', 'G6DOI007')
Insert into CAUTHU
Values ('G6D07CT003', N'Huỳnh Tấn Sinh', 'https://vpf.vn/wp-content/uploads/2018/12/3-Huynh-Tan-Sinh-150x150.jpg', 'G6DOI007')
Insert into CAUTHU
Values ('G6D07CT004', N'Trần Văn Tâm', 'https://vpf.vn/wp-content/uploads/2018/12/4-Tran-Van-Tam-150x150.jpg', 'G6DOI007')
Insert into CAUTHU
Values ('G6D07CT005', N'Đặng Hữu Phước', 'https://vpf.vn/wp-content/uploads/2018/12/6-dang-huu-Phuoc-150x150.jpg', 'G6DOI007')
Insert into CAUTHU
Values ('G6D07CT006', N'Đinh Thanh Trung', 'https://vpf.vn/wp-content/uploads/2018/12/7-Dinh-Thanh-Trung-150x150.jpg', 'G6DOI007')
Insert into CAUTHU
Values ('G6D07CT007', N'Jose Paulo Pinto', 'https://vpf.vn/wp-content/uploads/2020/01/8-Ze-Paulo-Oliveira-150x150.jpg', 'G6DOI007')
Insert into CAUTHU
Values ('G6D07CT008', N'Hà Minh Tuấn', 'https://vpf.vn/wp-content/uploads/2018/12/9-Ha-Minh-Tuan-150x150.jpg', 'G6DOI007')
Insert into CAUTHU
Values ('G6D07CT009', N'Phan Đình Thắng', 'https://vpf.vn/wp-content/uploads/2018/12/10-Phan-Dinh-Thang-150x150.jpg', 'G6DOI007')
Insert into CAUTHU
Values ('G6D07CT010', N'Trịnh Duy Long', 'https://vpf.vn/wp-content/uploads/2018/12/12-Trinh-Duy-Long-150x150.jpg', 'G6DOI007')
Insert into CAUTHU
Values ('G6D07CT011', N'Nguyễn Hoàng Quốc Chí', 'https://vpf.vn/wp-content/uploads/2018/12/13-Nguyen-Hoang-Quoc-Chi-150x150.jpg', 'G6DOI007')
Insert into CAUTHU
Values ('G6D07CT012', N'Nguyễn Huy Hùng', 'https://vpf.vn/wp-content/uploads/2018/12/14-Nguyen-Huy-Hung-150x150.jpg', 'G6DOI007')
go
-- Thêm dữ liệu vào bảng CAUTHU
	-- Cầu thủ đội Sài Gòn
Insert into CAUTHU
Values ('G6D08CT001', N'Ngô Anh Vũ', 'https://vpf.vn/wp-content/uploads/2018/12/3.NgoAnhVu-150x150.jpg', 'G6DOI008')
Insert into CAUTHU
Values ('G6D08CT002', N'Nguyễn Nam Anh', 'https://vpf.vn/wp-content/uploads/2018/12/5.NguyenNamAnh-150x150.jpg', 'G6DOI008')
Insert into CAUTHU
Values ('G6D08CT003', N'Trần Văn Bửu', 'https://vpf.vn/wp-content/uploads/2019/02/6.TranVanBuu-150x150.jpg', 'G6DOI008')
Insert into CAUTHU
Values ('G6D08CT004', N'Nguyễn Ngọc Duy', 'https://vpf.vn/wp-content/uploads/2018/12/7.NguyenNgocDuy-150x150.jpg', 'G6DOI008')
Insert into CAUTHU
Values ('G6D08CT005', N'Nguyễn Vũ Tín', 'https://vpf.vn/wp-content/uploads/2018/12/8.NguyenVuTin-150x150.jpg', 'G6DOI008')
Insert into CAUTHU
Values ('G6D08CT006', N'Trịnh Đức Lợi', 'https://vpf.vn/wp-content/uploads/2018/12/15.TrinhDucLoi-150x150.jpg', 'G6DOI008')
Insert into CAUTHU
Values ('G6D08CT007', N'Bùi Trần Vũ', 'https://vpf.vn/wp-content/uploads/2018/12/16.BuiTranVu-150x150.jpg', 'G6DOI008')
Insert into CAUTHU
Values ('G6D08CT008', N'Nguyễn Minh Trung', 'https://vpf.vn/wp-content/uploads/2018/12/17.NguyenMinhTrung-150x150.jpg', 'G6DOI008')
Insert into CAUTHU
Values ('G6D08CT009', N'Lê Quốc Phương', 'https://vpf.vn/wp-content/uploads/2018/12/19.LeQuocPhuong-150x150.jpg', 'G6DOI008')
Insert into CAUTHU
Values ('G6D08CT010', N'Nguyễn Thanh Thụ', 'https://vpf.vn/wp-content/uploads/2018/12/20.NguyenThanhThu-150x150.jpg', 'G6DOI008')
Insert into CAUTHU
Values ('G6D08CT011', N'Nguyễn Quốc Long', 'https://vpf.vn/wp-content/uploads/2018/12/22.NguyenQuocLong-150x150.jpg', 'G6DOI008')
Insert into CAUTHU
Values ('G6D08CT012', N'Cao Văn Triền', 'https://vpf.vn/wp-content/uploads/2018/12/23.CaoVanTrien-150x150.jpg', 'G6DOI008')
go
-- Thêm dữ liệu vào bảng CAUTHU
	-- Cầu thủ đội SHB Đà Nẵng
Insert into CAUTHU
Values ('G6D09CT001', N'Phan Văn Biểu', 'https://vpf.vn/wp-content/uploads/2018/12/Phan-Van-Bieu-_1-150x150.jpg', 'G6DOI009')
Insert into CAUTHU
Values ('G6D09CT002', N'Âu Văn Hoàn', 'https://vpf.vn/wp-content/uploads/2018/12/Au-Van-Hoan_2-150x150.jpg', 'G6DOI009')
Insert into CAUTHU
Values ('G6D09CT003', N'TNguyễn Phi Hoàng', 'https://vpf.vn/wp-content/uploads/2020/01/Nguyen-Phi-Hoang_4-150x150.jpg', 'G6DOI009')
Insert into CAUTHU
Values ('G6D09CT004', N'Mạc Đức Việt Anh', 'https://vpf.vn/wp-content/uploads/2018/12/Mac-Duc-Viet-Anh_5-150x150.jpg', 'G6DOI009')
Insert into CAUTHU
Values ('G6D09CT005', N'Đặng Anh Tuấn', 'https://vpf.vn/wp-content/uploads/2018/12/Dang-Anh-Tuan_6-150x150.jpg', 'G6DOI009')
Insert into CAUTHU
Values ('G6D09CT006', N'Nguyễn Thanh Hải', 'https://vpf.vn/wp-content/uploads/2018/12/Nguyen-Thanh-Hai_7-150x150.jpg', 'G6DOI009')
Insert into CAUTHU
Values ('G6D09CT007', N'Hà Đức Chinh', 'https://vpf.vn/wp-content/uploads/2018/12/Ha-%C4%90%E1%BB%A9c-Chinh_8-150x150.jpg', 'G6DOI009')
Insert into CAUTHU
Values ('G6D09CT008', N'Phạm Trọng Hóa', 'https://vpf.vn/wp-content/uploads/2018/12/Pham-Trong-Hoa-_10-150x150.jpg', 'G6DOI009')
Insert into CAUTHU
Values ('G6D09CT009', N'Phan Văn Long', 'https://vpf.vn/wp-content/uploads/2018/12/Phan-Van-Long_11-150x150.jpg', 'G6DOI009')
Insert into CAUTHU
Values ('G6D09CT010', N'Hoàng Minh Tâm', 'https://vpf.vn/wp-content/uploads/2018/12/Hoang-Minh-Tam_12-150x150.jpg', 'G6DOI009')
Insert into CAUTHU
Values ('G6D09CT011', N'Nguyễn Thanh Bình', 'https://vpf.vn/wp-content/uploads/2018/12/Nguyen-Thanh-Binh_13-150x150.jpg', 'G6DOI009')
Insert into CAUTHU
Values ('G6D09CT012', N'Võ Lý', 'https://vpf.vn/wp-content/uploads/2018/12/V%C3%B5-L%C3%BD_14-150x150.jpg', 'G6DOI009')
go
-- Thêm dữ liệu vào bảng CAUTHU
	-- Cầu thủ đội Sông Lam Nghệ An
Insert into CAUTHU
Values ('G6D10CT001', N'Hồ Văn Tú', 'https://vpf.vn/wp-content/uploads/2018/12/1-Ho-Van-Tu-150x150.jpg', 'G6DOI010')
Insert into CAUTHU
Values ('G6D10CT002', N'Võ Ngọc Đức', 'https://vpf.vn/wp-content/uploads/2018/12/2-Vo-Ngoc-Duc-150x150.jpg', 'G6DOI010')
Insert into CAUTHU
Values ('G6D10CT003', N'Phạm Thế Nhật', 'https://vpf.vn/wp-content/uploads/2018/12/3-Pham-The-Nhat-150x150.jpg', 'G6DOI010')
Insert into CAUTHU
Values ('G6D10CT004', N'Bùi Đình Châu', 'https://vpf.vn/wp-content/uploads/2019/03/4-Bui-Dinh-Chau-150x150.jpg', 'G6DOI010')
Insert into CAUTHU
Values ('G6D10CT005', N'Hoàng Văn Khánh', 'https://vpf.vn/wp-content/uploads/2018/12/5-Hoang-Van-Khanh-150x150.jpg', 'G6DOI010')
Insert into CAUTHU
Values ('G6D10CT006', N'Hồ Sỹ Sâm', 'https://vpf.vn/wp-content/uploads/2018/12/6-Ho-Sy-Sam-150x150.jpg', 'G6DOI010')
Insert into CAUTHU
Values ('G6D10CT007', N'Phạm Xuân Mạnh', 'https://vpf.vn/wp-content/uploads/2018/12/7-Pham-Xuan-Mamh-150x150.jpg', 'G6DOI010')
Insert into CAUTHU
Values ('G6D10CT008', N'Hồ Phúc Tịnh', 'https://vpf.vn/wp-content/uploads/2018/12/8-Ho-Phuc-Tinh-150x150.jpg', 'G6DOI010')
Insert into CAUTHU
Values ('G6D10CT009', N'Hồ Tuấn Tài', 'https://vpf.vn/wp-content/uploads/2018/12/10-Ho-Tuan-Tai-150x150.jpg', 'G6DOI010')
Insert into CAUTHU
Values ('G6D10CT010', N'Nguyễn Phú Nguyên', 'https://vpf.vn/wp-content/uploads/2018/12/11-Nguyen-Phu-Nguyen-150x150.jpg', 'G6DOI010')
Insert into CAUTHU
Values ('G6D10CT011', N'Đặng Văn Lắm', 'https://vpf.vn/wp-content/uploads/2020/02/12-Dang-Van-Lam-150x150.jpg', 'G6DOI010')
Insert into CAUTHU
Values ('G6D10CT012', N'Nguyễn Văn Việt', 'https://vpf.vn/wp-content/uploads/2020/01/14-Nguyen-Van-Viet-150x150.jpg', 'G6DOI010')
go
-- Thêm dữ liệu vào bảng CAUTHU
	-- Cầu thủ đội Than Quảng Ninh
Insert into CAUTHU
Values ('G6D11CT001', N'Phan Đình Vũ Hải', 'https://vpf.vn/wp-content/uploads/2018/12/Phan-Dinh-Vu-Hai-150x150.jpg', 'G6DOI011')
Insert into CAUTHU
Values ('G6D11CT002', N'Dương Văn Khoa', 'https://vpf.vn/wp-content/uploads/2018/12/Duong-Van-Khoa-150x150.jpg', 'G6DOI011')
Insert into CAUTHU
Values ('G6D11CT003', N'Dương Thanh Hào', 'https://vpf.vn/wp-content/uploads/2018/12/Duong-Thanh-Hao-150x150.jpg', 'G6DOI011')
Insert into CAUTHU
Values ('G6D11CT004', N'Lê Tuấn Tú', 'https://vpf.vn/wp-content/uploads/2019/03/Le-Tuan-Tu-150x150.jpg', 'G6DOI011')
Insert into CAUTHU
Values ('G6D11CT005', N'Nguyễn Xuân Hùng', 'https://vpf.vn/wp-content/uploads/2018/12/Nguyen-Xuan-Hung-150x150.jpg', 'G6DOI011')
Insert into CAUTHU
Values ('G6D11CT006', N'Hồ Hùng Cường', 'https://vpf.vn/wp-content/uploads/2018/12/Ho-Hung-Cuong-150x150.jpg', 'G6DOI011')
Insert into CAUTHU
Values ('G6D11CT007', N'Trịnh Hoa Hùng', 'https://vpf.vn/wp-content/uploads/2018/12/Trinh-Hoa-Hung-150x150.jpg', 'G6DOI011')
Insert into CAUTHU
Values ('G6D11CT008', N'Nguyễn Hải Huy', 'https://vpf.vn/wp-content/uploads/2018/12/Nguyen-Hai-Huy-150x150.jpg', 'G6DOI011')
Insert into CAUTHU
Values ('G6D11CT009', N'Đào Nhật Minh', 'https://vpf.vn/wp-content/uploads/2018/12/Dao-Nhat-Minh-150x150.jpg', 'G6DOI011')
Insert into CAUTHU
Values ('G6D11CT010', N'Phạm Trung Hiếu', 'https://vpf.vn/wp-content/uploads/2018/12/Pham-Trung-Hieu-150x150.jpg', 'G6DOI011')
Insert into CAUTHU
Values ('G6D11CT011', N'Đoàn Văn Quý', 'https://vpf.vn/wp-content/uploads/2019/02/Doan-Van-Quy-150x150.jpg', 'G6DOI011')
Insert into CAUTHU
Values ('G6D11CT012', N'Lastro Neven', 'https://vpf.vn/wp-content/uploads/2019/02/Lastro-Neven-150x150.jpg', 'G6DOI011')
go
-- Thêm dữ liệu vào bảng CAUTHU
	-- Cầu thủ đội Thanh Hóa
Insert into CAUTHU
Values ('G6D12CT001', N'Lương Bá Sơn', 'https://vpf.vn/wp-content/uploads/2018/12/1.-L%C6%B0%C6%A1ng-B%C3%A1-S%C6%A1n-150x150.jpg', 'G6DOI012')
Insert into CAUTHU
Values ('G6D12CT002', N'Hoàng Đình Tùng', 'https://vpf.vn/wp-content/uploads/2018/12/2.-Ho%C3%A0ng-%C4%90%C3%ACnh-T%C3%B9ng-150x150.jpg', 'G6DOI012')
Insert into CAUTHU
Values ('G6D12CT003', N'Vũ Xuân Cường', 'https://vpf.vn/wp-content/uploads/2018/12/3.-V%C5%A9-Xu%C3%A2n-C%C6%B0%E1%BB%9Dng-150x150.jpg', 'G6DOI012')
Insert into CAUTHU
Values ('G6D12CT004', N'Trịnh Đình Hùng', 'https://vpf.vn/wp-content/uploads/2018/12/2.-Ho%C3%A0ng-%C4%90%C3%ACnh-T%C3%B9ng-150x150.jpg', 'G6DOI012')
Insert into CAUTHU
Values ('G6D12CT005', N'Nguyễn Minh Tùng', 'https://vpf.vn/wp-content/uploads/2018/12/5.-Nguy%E1%BB%85n-Minh-T%C3%B9ng-150x150.jpg', 'G6DOI012')
Insert into CAUTHU
Values ('G6D12CT006', N'Josip Balic', 'https://vpf.vn/wp-content/uploads/2020/01/6.-Josip-Balic-150x150.jpg', 'G6DOI012')
Insert into CAUTHU
Values ('G6D12CT007', N'Nguyễn Hữu Dũng', 'https://vpf.vn/wp-content/uploads/2018/12/7.-Nguy%E1%BB%85n-H%E1%BB%AFu-D%C5%A9ng-150x150.jpg', 'G6DOI012')
Insert into CAUTHU
Values ('G6D12CT008', N'Lê Văn Thắng', 'https://vpf.vn/wp-content/uploads/2018/12/8.-L%C3%AA-V%C4%83n-Th%E1%BA%AFng-150x150.jpg', 'G6DOI012')
Insert into CAUTHU
Values ('G6D12CT009', N'Lê Xuân Hùng', 'https://vpf.vn/wp-content/uploads/2018/12/9.-L%C3%AA-Xu%C3%A2n-H%C3%B9ng-150x150.jpg', 'G6DOI012')
Insert into CAUTHU
Values ('G6D12CT010', N'Lê Phạm Thành Long', 'https://vpf.vn/wp-content/uploads/2018/12/11.-L%C3%AA-Ph%E1%BA%A1m-Th%C3%A0nh-Long-150x150.jpg', 'G6DOI012')
Insert into CAUTHU
Values ('G6D12CT011', N'Trịnh Văn Lợi', 'https://vpf.vn/wp-content/uploads/2018/12/15.-Tr%E1%BB%8Bnh-V%C4%83n-L%E1%BB%A3i-150x150.jpg', 'G6DOI012')
Insert into CAUTHU
Values ('G6D12CT012', N'Hoàng Anh Tuấn', 'https://vpf.vn/wp-content/uploads/2018/12/16.-Ho%C3%A0ng-Anh-Tu%E1%BA%A5n-150x150.jpg', 'G6DOI012')
go
-- Thêm dữ liệu vào bảng CAUTHU
	-- Cầu thủ đội TP Hồ Chí Minh
Insert into CAUTHU
Values ('G6D13CT001', N'Nguyễn Thanh Thắng', 'https://vpf.vn/wp-content/uploads/2018/12/1-NGUY%E1%BB%84N-THANH-TH%E1%BA%AENG-150x150.jpg', 'G6DOI013')
Insert into CAUTHU
Values ('G6D13CT002', N'Ngô Tùng Quốc', 'https://vpf.vn/wp-content/uploads/2018/12/2-NG%C3%94-T%C3%99NG-QU%E1%BB%90C-150x150.jpg', 'G6DOI013')
Insert into CAUTHU
Values ('G6D13CT003', N'Nguyễn Tăng Tiến', 'https://vpf.vn/wp-content/uploads/2018/12/4-NGUY%E1%BB%84N-T%C4%82NG-TI%E1%BA%BEN-150x150.jpg', 'G6DOI013')
Insert into CAUTHU
Values ('G6D13CT004', N'Ngô Viết Phú', 'https://vpf.vn/wp-content/uploads/2018/12/5-NG%C3%94-VI%E1%BA%BET-PH%C3%9A-150x150.jpg', 'G6DOI013')
Insert into CAUTHU
Values ('G6D13CT005', N'Sầm Ngọc Đức', 'https://vpf.vn/wp-content/uploads/2018/12/7-S%E1%BA%A6M-NG%E1%BB%8CC-%C4%90%E1%BB%A8C-150x150.jpg', 'G6DOI013')
Insert into CAUTHU
Values ('G6D13CT006', N'Trần Thanh Bình', 'https://vpf.vn/wp-content/uploads/2018/12/8-TR%E1%BA%A6N-THANH-B%C3%8CNH-150x150.jpg', 'G6DOI013')
Insert into CAUTHU
Values ('G6D13CT007', N'Ngô Hoàng Thịnh', 'https://vpf.vn/wp-content/uploads/2018/12/9-NG%C3%94-HO%C3%80NG-TH%E1%BB%8ANH-150x150.jpg', 'G6DOI013')
Insert into CAUTHU
Values ('G6D13CT008', N'Trần Phi Sơn', 'https://vpf.vn/wp-content/uploads/2018/12/10-TR%E1%BA%A6N-PHI-S%C6%A0N-150x150.jpg', 'G6DOI013')
Insert into CAUTHU
Values ('G6D13CT009', N'Nguyễn Xuân Nam', 'https://vpf.vn/wp-content/uploads/2019/04/11-NGUY%E1%BB%84N-XU%C3%82N-NAM-150x150.jpg', 'G6DOI013')
Insert into CAUTHU
Values ('G6D13CT010', N'Lê Đức Lương', 'https://vpf.vn/wp-content/uploads/2018/12/12-L%C3%8A-%C4%90%E1%BB%A8C-L%C6%AF%C6%A0NG-150x150.jpg', 'G6DOI013')
Insert into CAUTHU
Values ('G6D13CT011', N'Đỗ Văn Thuận', 'https://vpf.vn/wp-content/uploads/2018/12/14-%C4%90%E1%BB%96-V%C4%82N-THU%E1%BA%ACN-150x150.jpg', 'G6DOI013')
Insert into CAUTHU
Values ('G6D13CT01', N'Nguyễn Hữu Tuấn', 'https://vpf.vn/wp-content/uploads/2020/01/15-NGUY%E1%BB%84N-H%E1%BB%AEU-TU%E1%BA%A4N-150x150.jpg', 'G6DOI013')
go
-- Thêm dữ liệu vào bảng CAUTHU
	-- Cầu thủ đội Viettel
Insert into CAUTHU
Values ('G6D14CT001', N'Ngô Xuân Sơn', 'https://vpf.vn/wp-content/uploads/2018/12/1-.NGO-XUAN-SON-150x150.jpg', 'G6DOI014')
Insert into CAUTHU
Values ('G6D14CT002', N'Quế Ngọc Hải', 'https://vpf.vn/wp-content/uploads/2018/12/3-QUE-NGOC-HAI-150x150.jpg', 'G6DOI014')
Insert into CAUTHU
Values ('G6D14CT003', N'Bùi Tiến Dũng', 'https://vpf.vn/wp-content/uploads/2018/12/4-BUI-TIEN-DUNG-150x150.jpg', 'G6DOI014')
Insert into CAUTHU
Values ('G6D14CT004', N'Trương Văn Thiết', 'https://vpf.vn/wp-content/uploads/2018/12/5-TRUONG-VAN-THIET-150x150.jpg', 'G6DOI014')
Insert into CAUTHU
Values ('G6D14CT005', N'Vũ Minh Tuấn', 'https://vpf.vn/wp-content/uploads/2018/12/6-VU-MINH-TUAN-150x150.jpg', 'G6DOI014')
Insert into CAUTHU
Values ('G6D14CT006', N'Nguyễn Trọng Hoàng', 'https://vpf.vn/wp-content/uploads/2018/12/8-NGUYEN-TRONG-HOANG-150x150.jpg', 'G6DOI014')
Insert into CAUTHU
Values ('G6D14CT007', N'Trần Ngọc Sơn', 'https://vpf.vn/wp-content/uploads/2018/12/9-.TRAN-NGOC-SON--150x150.jpg', 'G6DOI014')
Insert into CAUTHU
Values ('G6D14CT008', N'Đặng Văn Trâm', 'https://vpf.vn/wp-content/uploads/2018/12/10-DANG-VAN-TRAM-150x150.jpg', 'G6DOI014')
Insert into CAUTHU
Values ('G6D14CT009', N'Nguyễn Việt Phong', 'https://vpf.vn/wp-content/uploads/2018/12/11-NGUYEN-VIET-PHONG-150x150.jpg', 'G6DOI014')
Insert into CAUTHU
Values ('G6D14CT010', N'Hồ Khắc Ngọc', 'https://vpf.vn/wp-content/uploads/2018/12/12-HO-KHAC-NGOC-150x150.jpg', 'G6DOI014')
Insert into CAUTHU
Values ('G6D14CT011', N'Bùi Quang Khải', 'https://vpf.vn/wp-content/uploads/2018/12/14-.-BUI-QUANG-KHAI-150x150.jpg', 'G6DOI014')
Insert into CAUTHU
Values ('G6D14CT012', N'Nguyễn Đức Hoàng Minh', 'https://vpf.vn/wp-content/uploads/2018/12/17-NGUYEN-DUC-HOANG-MINH-150x150.jpg', 'G6DOI014')
go

insert TIN_VIDEO values('TINVIDEO01',N'Video highlight trận Croatia - Pháp: Phủ đầu ấn tượng, vượt khó nhờ Mbappe','https://cdn.24h.com.vn/upload/4-2020/images/2020-10-15/medium/1602711276-903-thumbnail-width640height480.jpg',N'(Bảng A3 UEFA Nations League) "Song sát" tỏa sáng giúp đội khách thoát hiểm.',20,30,N'Hiển thị')
insert TIN_VIDEO values('TINVIDEO02',N'Video highlight trận Italia - Hà Lan: Sao MU lập công, ngôi đầu đổi chủ','https://cdn.24h.com.vn/upload/4-2020/images/2020-10-15/medium/screenshot_4-640-1602705532-890-width640height480.jpg',N'Cuộc thư hùng giữa hai ông lớn Italia và Hà Lan đã diễn ra cực kỳ hấp dẫn, quyết liệt.',20,30,N'Hiển thị')
insert TIN_VIDEO values('TINVIDEO03',N'Video highlight trận Bồ Đào Nha - Thụy Điển: Đại tiệc ấn tượng tặng Ronaldo','https://cdn.24h.com.vn/upload/4-2020/images/2020-10-15/medium/1602708766-946-thumbnail-width640height480.jpg',N'(Bảng A3 UEFA Nations League) Bồ Đào Nha có trận đấu thăng hoa dù vắng Ronaldo.',20,30,N'Hiển thị')
insert TIN_VIDEO values('TINVIDEO04',N'Video highlight trận Anh - Đan Mạch: Maguire thẻ đỏ, thất bại đắng cay','https://cdn.24h.com.vn/upload/4-2020/images/2020-10-15/medium/screenshot_1-640-1602705578-110-width640height480.jpg',N'ĐT Anh bất ngờ gặp khó khăn trong cuộc tiếp đón Đan Mạch trên sân nhà.',20,30,N'Hiển thị')
go
insert VIDEO values('https://www.youtube.com/embed/iXasT5h6rUM')
insert VIDEO values('https://www.youtube.com/embed/d4_6BsBQXbM')
insert VIDEO values('https://www.youtube.com/embed/IEpybM9gId0')
insert VIDEO values('https://www.youtube.com/embed/3MitTAGbZYo')
go
insert sub_TIN_VIDEO values('TINVIDEO01',1)
insert sub_TIN_VIDEO values('TINVIDEO02',2)
insert sub_TIN_VIDEO values('TINVIDEO03',3)
insert sub_TIN_VIDEO values('TINVIDEO04',4)
go
insert Thong_Tin_Xep_Hang values ('G6DOI001',10,9,1,0,+10,'')
insert Thong_Tin_Xep_Hang values ('G6DOI002',10,8,2,0,+10,'')
insert Thong_Tin_Xep_Hang values ('G6DOI003',10,8,1,1,+9,'')
insert Thong_Tin_Xep_Hang values ('G6DOI004',10,8,1,1,+8,'')
insert Thong_Tin_Xep_Hang values ('G6DOI005',10,7,2,1,+8,'')
insert Thong_Tin_Xep_Hang values ('G6DOI006',10,7,1,2,+4,'')
insert Thong_Tin_Xep_Hang values ('G6DOI007',10,6,2,2,+3,'')
insert Thong_Tin_Xep_Hang values ('G6DOI008',10,6,1,3,+3,'')
insert Thong_Tin_Xep_Hang values ('G6DOI009',10,4,4,2,+0,'')
insert Thong_Tin_Xep_Hang values ('G6DOI010',10,3,5,2,-3,'')
insert Thong_Tin_Xep_Hang values ('G6DOI011',10,2,2,6,-8,'')
insert Thong_Tin_Xep_Hang values ('G6DOI012',10,2,1,7,-10,'')
insert Thong_Tin_Xep_Hang values ('G6DOI013',10,1,1,8,-12,'')
insert Thong_Tin_Xep_Hang values ('G6DOI014',10,0,3,7,-10,'')

go

insert HINHANH_QC values('https://vnanet.vn/Data/Articles/2019/02/24/3733226/vna_potal_v_league_2019_cau_lac_bo_nam_dinh_danh_chien_thang_thuyet_phuc_tren_san_nha_stand.jpg')
insert HINHANH_QC values('https://vff.org.vn/uploads/images/HNQG/Chiu-choi-nhu-Hoi-CDV-Than-Quang-Ninh.jpg')
insert HINHANH_QC values('https://media.laodong.vn/Storage/NewsPortal/2020/7/17/820451/Phao-Sang-Hai-Phong--01.jpg')
insert HINHANH_QC values('https://i.ytimg.com/vi/lQ0g8cwaE3k/maxresdefault.jpg')
insert HINHANH_QC values('https://static.bongda24h.vn/medias/amp/2019/4/26/clip-hai-phong-vs-binh-duong-32-highlights-vleague-2019.png')
insert HINHANH_QC values('https://vnanet.vn/Data/Articles/2019/02/24/3733226/vna_potal_v_league_2019_cau_lac_bo_nam_dinh_danh_chien_thang_thuyet_phuc_tren_san_nha_stand.jpg')
insert HINHANH_QC values('https://vff.org.vn/uploads/images/HNQG/Chiu-choi-nhu-Hoi-CDV-Than-Quang-Ninh.jpg')
insert HINHANH_QC values('https://media.laodong.vn/Storage/NewsPortal/2020/7/17/820451/Phao-Sang-Hai-Phong--01.jpg')
insert HINHANH_QC values('https://i.ytimg.com/vi/lQ0g8cwaE3k/maxresdefault.jpg')
insert HINHANH_QC values('https://static.bongda24h.vn/medias/amp/2019/4/26/clip-hai-phong-vs-binh-duong-32-highlights-vleague-2019.png')
go

insert tb_USER values('US01',N'Hoàng Nam','hoangnam123','Nam25693','nguyenhoangnam123@gmail.com','0523365859')
insert tb_USER values('US02',N'Minh Thiên','minhthien123','thien25693','minhthien123@gmail.com','0979528720')
insert tb_USER values('US03',N'Minh Đức','minhduc123','duc25693','vuminhduc123@gmail.com','0979521259')
insert tb_USER values('US04',N'Hoàng Nam','hoangnam123','Nam25693','nguyenhoangnam123@gmail.com','0523365859')
insert tb_USER values('US05',N'Minh Thiên','minhthien123','thien25693','minhthien123@gmail.com','0979528720')
insert tb_USER values('US06',N'Minh Đức','minhduc123','duc25693','vuminhduc123@gmail.com','0979521259')
insert tb_USER values('US07',N'Hoàng Nam','hoangnam123','Nam25693','nguyenhoangnam123@gmail.com','0523365859')
insert tb_USER values('US08',N'Minh Thiên','minhthien123','thien25693','minhthien123@gmail.com','0979528720')
insert tb_USER values('US09',N'Minh Đức','minhduc123','duc25693','vuminhduc123@gmail.com','0979521259')
insert tb_USER values('US10',N'Hoàng Nam','hoangnam123','Nam25693','nguyenhoangnam123@gmail.com','0523365859')
insert tb_USER values('US11',N'Minh Thiên','minhthien123','thien25693','minhthien123@gmail.com','0979528720')
insert tb_USER values('US012',N'Minh Đức','minhduc123','duc25693','vuminhduc123@gmail.com','0979521259')
go

insert KHACHHANG values('KH01',N'Phạm Thanh Thảo','215/58 Quang Trung','0523365859')
insert KHACHHANG values('KH02',N'Đào Đức Nhật','215/58 Quang Trung','0523365859')
insert KHACHHANG values('KH03',N'Lê Phú Hưng','215/58 Quang Trung','0523365859')
insert KHACHHANG values('KH04',N'Phạm Thanh Thảo','215/58 Quang Trung','0523365859')
insert KHACHHANG values('KH05',N'Đào Đức Nhật','215/58 Quang Trung','0523365859')
insert KHACHHANG values('KH06',N'Lê Phú Hưng','215/58 Quang Trung','0523365859')
insert KHACHHANG values('KH07',N'Phạm Thanh Thảo','215/58 Quang Trung','0523365859')
insert KHACHHANG values('KH08',N'Đào Đức Nhật','215/58 Quang Trung','0523365859')
insert KHACHHANG values('KH09',N'Lê Phú Hưng','215/58 Quang Trung','0523365859')
insert KHACHHANG values('KH10',N'Phạm Thanh Thảo','215/58 Quang Trung','0523365859')
insert KHACHHANG values('KH11',N'Đào Đức Nhật','215/58 Quang Trung','0523365859')
insert KHACHHANG values('KH12',N'Lê Phú Hưng','215/58 Quang Trung','0523365859')
go

insert HOADON values('HD01','KH01','2020-07-10')
insert HOADON values('HD02','KH02','2020-07-10')
insert HOADON values('HD03','KH03','2020-07-10')
insert HOADON values('HD04','KH04','2020-07-10')
insert HOADON values('HD05','KH05','2020-07-10')
insert HOADON values('HD06','KH06','2020-07-10')
insert HOADON values('HD07','KH07','2020-07-10')
insert HOADON values('HD08','KH08','2020-07-10')
insert HOADON values('HD09','KH09','2020-07-10')
insert HOADON values('HD10','KH10','2020-07-10')
insert HOADON values('HD11','KH11','2020-07-10')
insert HOADON values('HD12','KH12','2020-07-10')
go


insert LOAIVE values('LOAIVE01',N'KHÁN ĐÀI A',7500,500000)
insert LOAIVE values('LOAIVE02',N'KHÁN ĐÀI B',7500,500000)
insert LOAIVE values('LOAIVE03',N'KHÁN ĐÀI C',5000,300000)
insert LOAIVE values('LOAIVE04',N'KHÁN ĐÀI D',5000,300000)
go

insert TICKET values('VE01','LOAIVE01','DOIBONG01','DOIBONG02','2020-07-10')
insert TICKET values('VE02','LOAIVE02','DOIBONG01','DOIBONG02','2020-07-10')
insert TICKET values('VE03','LOAIVE03','DOIBONG01','DOIBONG02','2020-07-10')
insert TICKET values('VE04','LOAIVE04','DOIBONG01','DOIBONG02','2020-07-10')
insert TICKET values('VE05','LOAIVE01','DOIBONG01','DOIBONG02','2020-07-10')
insert TICKET values('VE06','LOAIVE02','DOIBONG01','DOIBONG02','2020-07-10')
insert TICKET values('VE07','LOAIVE03','DOIBONG01','DOIBONG02','2020-07-10')
insert TICKET values('VE08','LOAIVE04','DOIBONG01','DOIBONG02','2020-07-10')
insert TICKET values('VE09','LOAIVE01','DOIBONG01','DOIBONG02','2020-07-10')
insert TICKET values('VE10','LOAIVE02','DOIBONG01','DOIBONG02','2020-07-10')
insert TICKET values('VE11','LOAIVE03','DOIBONG01','DOIBONG02','2020-07-10')
insert TICKET values('VE12','LOAIVE04','DOIBONG01','DOIBONG02','2020-07-10')
go

insert CTHD values('HD01','VE01','2')
insert CTHD values('HD02','VE02','2')
insert CTHD values('HD03','VE03','2')
insert CTHD values('HD04','VE04','2')
insert CTHD values('HD05','VE05','2')
insert CTHD values('HD06','VE06','2')
insert CTHD values('HD07','VE07','2')
insert CTHD values('HD08','VE08','2')
insert CTHD values('HD09','VE09','2')
insert CTHD values('HD10','VE10','2')
insert CTHD values('HD11','VE11','2')
insert CTHD values('HD12','VE12','2')
go
Insert into THONGTINCOBAN
Values ('G6D01INFO', N'156 Nguyễn Văn Lương, Phường 6, TP Thủ Dầu Một', '0909010574', 'becamexbinhduong@gmail.com', 'http://www.bongdabinhduong.com/', N'SVĐ Bình Dương', 13035, N'Nguyễn Trung Kiên', N'Trần Minh Chiến', N'Nguyễn Bảo Long', N'Lê Minh Đức', N'Pepsi', 'G6DOI001') 
	-- Dược Nam Hà Nam Định
Insert into THONGTINCOBAN
Values ('G6D02INFO', N'247 Nguyễn Tri Phương, Phường 7, TP Nam Định', '0909010564', 'namdinhfc@gmail.com', 'https://www.facebook.com/CLBBongDaDuocNamHaNamDinh/', N'SVĐ Thiên Trường', 15035, N'Nguyễn Võ Tùng Dương', N'Nguyễn Phương Nam', N'Nguyễn Trần Trung Quân', N'Lê Hoàng Nam', N'CocaCola', 'G6DOI002')
	-- Hà Nội
Insert into THONGTINCOBAN
Values ('G6D03INFO', N'139 Phố Hàng Đào, Phường 5, TP Hà Nội', '0909010554', 'hanoifc@gmail.com', 'http://hanoifc.com.vn/', N'SVĐ Hàng Đẫy', 14035, N'Hà Thanh Bình', N'Võ Thành Vương', N'Lê Lâm Trường', N'Nguyễn Doãn Hào', N'Mirinda', 'G6DOI003')
	-- Hải Phòng
Insert into THONGTINCOBAN
Values ('G6D04INFO', N'47 Trần Duy Dương, Phường 4, TP Hải Phòng', '0909010544', 'haiphongfc@gmail.com', 'https://hpfc.vn/clb-bong-da-hai-phong/', N'SVĐ Lạch Tray', 11035, N'Trần Trung Chính', N'Trần Quang Huy', N'Cao Đức Long', N'Lê Ngọc Trung Hiếu', N'TH True Milk', 'G6DOI004')
	-- Hoàng Anh Gia Lai
Insert into THONGTINCOBAN
Values ('G6D05INFO', N'18 Lê Hồng Phong, Phường 3, TP DakLak', '0909010534', 'haglfc@gmail.com', 'http://haglfc.com.vn/', N'SVĐ Pleiku', 16035, N'Nguyễn Hữu Duật', N'Nguyễn Phúc Luân', N'Nguyễn Hoàng Bảo', N'Vũ Minh Đức', N'VietjetAir', 'G6DOI005')
	-- Hồng Lĩnh Hà Tĩnh
Insert into THONGTINCOBAN
Values ('G6D06INFO', N'75 Trần Phú, Phường 2, TP Hà Tĩnh', '0909010524', 'hatinhfc@gmail.com', 'https://vi-vn.facebook.com/HongLinhHaTinhOfficial/', N'SVĐ Hà Tĩnh', 9035, N'Lê Ngọc Thành Trung', N'Trần Thành Đạt', N'Nguyễn Tiến Đạt', N'Lê Huỳnh Phương', N'Vietnamairlines', 'G6DOI006')
	-- Quảng Nam
Insert into THONGTINCOBAN
Values ('G6D07INFO', N'564 Bình Giã, Phường 1, TP Quảng Nam', '0909010514', 'quangnamfc@gmail.com', 'https://www.facebook.com/QuangNamFootballClub.official/', N'SVĐ Bình Dương', 17035, N'Nguyễn Lê Nguyên', N'Trần Minh Quang', N'Nguyễn Quang Bảo', N'Lê Hùng Cường', N'Vinamilk', 'G6DOI007')
	-- Sài Gòn
Insert into THONGTINCOBAN
Values ('G6D08INFO', N'59 Đào Duy Từ, Phường 12, TP Hồ Chí Minh', '0909010504', 'sgfc@gmail.com', 'https://www.facebook.com/clbbongdasaigon/', N'SVĐ Thống Nhất', 18035, N'Nguyễn Thành Lương', N'Trần Quang Hiếu', N'Nguyễn Gia Long', N'Lê Hoàng Đức', N'Pharmacity', 'G6DOI008')
	-- SHB Đà Nẵng
Insert into THONGTINCOBAN
Values ('G6D09INFO', N'49 Lý Thái Tổ, Phường 13, TP Đà Nẵng', '0909010674', 'dnfc@gmail.com', 'https://shbdanangfc.com/vi/about/', N'SVĐ Hòa Xuân', 19035, N'Trịnh Quang Trung', N'Trầm Minh Khoa', N'Văn Minh Khoa', N'Lê Thiện Hiếu', N'Bambooairways', 'G6DOI009')
	-- Sông Lam Nghệ An
Insert into THONGTINCOBAN
Values ('G6D10INFO', N'15 Hòa Hảo, Phường 11, TP Nghệ An', '0909010774', 'slnafc@gmail.com', 'http://slnafc.com/', N'SVĐ Vinh', 7035, N'Nguyễn Thanh Hải', N'Tôn Đức Quyền', N'Đậu Cao Khang Anh', N'Hồ Công Thiên Đạt', N'Clear Men 3 in 1', 'G6DOI010')
	-- Than Quảng Ninh
Insert into THONGTINCOBAN
Values ('G6D11INFO', N'521 Lê Duẩn, Phường 8, TP Quảng Ninh', '0909010874', 'quangninhfc@gmail.com', 'http://quangninhfc.vn/', N'SVĐ Cẩm Phả', 6035, N'Nguyễn Minh Vượng', N'Huỳnh Trọng Tuấn', N'Hồ Thanh Hưng', N'Nguyễn Văn Tuấn', N'Sting', 'G6DOI011')
	-- Thanh Hóa
Insert into THONGTINCOBAN
Values ('G6D12INFO', N'741 Trần Hưng Đạo, Phường 9, TP Thanh Hóa', '0909010274', 'thanhhoafc@gmail.com', 'https://www.facebook.com/ThanhHoaFCFanclub/', N'SVĐ Thanh Hóa', 21035, N'Nguyễn Thành Long', N'Trần Quang Cuốn', N'Nguyễn Công Thành', N'Lê Minh Hoàng', N'Daikin', 'G6DOI012')
	-- TP Hồ Chí Minh
Insert into THONGTINCOBAN
Values ('G6D13INFO', N'562 Bạch Đằng, Phường 10,TP Hồ Chí Minh', '0909010174', 'hcmfc@gmail.com', 'http://hcmcf.club/', N'SVĐ Thống Nhất', 23035, N'Nguyễn Thanh Minh', N'Nguyễn Xuân Hùng', N'Nguyễn Tuấn Anh', N'Lê Huy Hoàng', N'Tiki', 'G6DOI013')
	-- Viettel
Insert into THONGTINCOBAN
Values ('G6D14INFO', N'42 Ba Cu, Phường 1, TP Vũng Tàu', '0909010474', 'viettelfc@gmail.com', 'https://blogsoccer.net/cau-lac-bo-bong-da-viettel/', N'SVĐ Hàng Đẫy', 3035, N'Đỗ Đức Hào', N'Lê Hồng Võ', N'Trịnh Lê Duy', N'Nguyễn Thế An', N'Lazada', 'G6DOI014')
go
Insert into LOAITHANHTICH
Values ('ARCH001', N'Thành tích của đội bóng')
Insert into LOAITHANHTICH
Values ('ARCH002', N'Thành tích của cầu thủ')
go
Insert into THANHTICH
Values ('G6D01ARCH001', N'Vô địch quốc gia 2019', 'ARCH001', 'G6DOI001')
Insert into THANHTICH
Values ('G6D01ARCH002', N'Vô địch AFC Cup 2019', 'ARCH001', 'G6DOI001')
Insert into THANHTICH
Values ('G6D01ARCH003', N'Hồ Tấn Tài cầu thủ xuất sắc nhất năm 2019', 'ARCH002', 'G6DOI001')
Insert into THANHTICH
Values ('G6D01ARCH004', N'Phạm Văn Tiến thủ môn xuất sắc nhất năm 2019', 'ARCH002', 'G6DOI001')
	-- Dược Nam Hà Nam Định
Insert into THANHTICH
Values ('G6D02ARCH001', N'Vô địch quốc gia 2018', 'ARCH001', 'G6DOI002')
Insert into THANHTICH
Values ('G6D02ARCH002', N'Vô địch AFC Cup 2018', 'ARCH001', 'G6DOI002')
Insert into THANHTICH
Values ('G6D02ARCH003', N'Trần Mạnh Hùng cầu thủ xuất sắc nhất năm 2018', 'ARCH002', 'G6DOI002')
Insert into THANHTICH
Values ('G6D02ARCH004', N'Trần Liêm Điều thủ môn xuất sắc nhất năm 2018', 'ARCH002', 'G6DOI002')
	-- Hà Nội
Insert into THANHTICH
Values ('G6D03ARCH001', N'Vô địch quốc gia 2017', 'ARCH001', 'G6DOI003')
Insert into THANHTICH
Values ('G6D3ARCH002', N'Vô địch AFC Cup 2017', 'ARCH001', 'G6DOI003')
Insert into THANHTICH
Values ('G6D03ARCH003', N'Đoàn Văn Hậu cầu thủ xuất sắc nhất năm 2017', 'ARCH002', 'G6DOI003')
Insert into THANHTICH
Values ('G6D03ARCH004', N'Bùi Tấn Trường thủ môn xuất sắc nhất năm 2017', 'ARCH002', 'G6DOI003')
	-- Hải Phòng
Insert into THANHTICH
Values ('G6D04ARCH001', N'Vô địch quốc gia 2016', 'ARCH001', 'G6DOI004')
Insert into THANHTICH
Values ('G6D04ARCH002', N'Vô địch AFC Cup 2016', 'ARCH001', 'G6DOI004')
Insert into THANHTICH
Values ('G6D04ARCH003', N'Phạm Mạnh Hùng cầu thủ xuất sắc nhất năm 2016', 'ARCH002', 'G6DOI004')
Insert into THANHTICH
Values ('G6D04ARCH004', N'Nguyễn Văn Phong thủ môn xuất sắc nhất năm 2016', 'ARCH002', 'G6DOI004')
	-- Hoàng Anh Gia Lai
Insert into THANHTICH
Values ('G6D05ARCH001', N'Vô địch quốc gia 2015', 'ARCH001', 'G6DOI005')
Insert into THANHTICH
Values ('G6D05ARCH002', N'Vô địch AFC Cup 2015', 'ARCH001', 'G6DOI005')
Insert into THANHTICH
Values ('G6D05ARCH003', N'Nguyễn Hữu Anh Tài cầu thủ xuất sắc nhất năm 2015', 'ARCH002', 'G6DOI005')
Insert into THANHTICH
Values ('G6D05ARCH004', N'Trần Bửu Ngọc thủ môn xuất sắc nhất năm 2015', 'ARCH002', 'G6DOI005')
	-- Hồng Lĩnh Hà Tĩnh
Insert into THANHTICH
Values ('G6D06ARCH001', N'Vô địch quốc gia 2014', 'ARCH001', 'G6DOI006')
Insert into THANHTICH
Values ('G6D06ARCH002', N'Vô địch AFC Cup 2014', 'ARCH001', 'G6DOI006')
Insert into THANHTICH
Values ('G6D06ARCH003', N'Vũ Hữu Quý cầu thủ xuất sắc nhất năm 2014', 'ARCH002', 'G6DOI006')
Insert into THANHTICH
Values ('G6D06ARCH004', N'Nguyễn Hoài Anh thủ môn xuất sắc nhất năm 2014', 'ARCH002', 'G6DOI006')
	-- Quảng Nam
Insert into THANHTICH
Values ('G6D07ARCH001', N'Vô địch quốc gia 2013', 'ARCH001', 'G6DOI007')
Insert into THANHTICH
Values ('G6D07ARCH002', N'Vô địch AFC Cup 2013', 'ARCH001', 'G6DOI007')
Insert into THANHTICH
Values ('G6D07ARCH003', N'Huỳnh Tấn Sinh cầu thủ xuất sắc nhất năm 2013', 'ARCH002', 'G6DOI007')
Insert into THANHTICH
Values ('G6D07ARCH004', N'Nguyễn Ngọc Bin thủ môn xuất sắc nhất năm 2013', 'ARCH002', 'G6DOI007')
	-- Sài Gòn
Insert into THANHTICH
Values ('G6D08ARCH001', N'Vô địch quốc gia 2012', 'ARCH001', 'G6DOI008')
Insert into THANHTICH
Values ('G6D08ARCH002', N'Vô địch AFC Cup 2012', 'ARCH001', 'G6DOI008')
Insert into THANHTICH
Values ('G6D08ARCH003', N'Ngô Anh Vũ cầu thủ xuất sắc nhất năm 2012', 'ARCH002', 'G6DOI008')
Insert into THANHTICH
Values ('G6D08ARCH004', N'Trần Văn Bửu thủ môn xuất sắc nhất năm 2012', 'ARCH002', 'G6DOI008')
	-- SHB Đà Nẵng
Insert into THANHTICH
Values ('G6D09ARCH001', N'Vô địch quốc gia 2011', 'ARCH001', 'G6DOI009')
Insert into THANHTICH
Values ('G6D09ARCH002', N'Vô địch AFC Cup 2011', 'ARCH001', 'G6DOI009')
Insert into THANHTICH
Values ('G6D09ARCH003', N'Âu Văn Hoàn cầu thủ xuất sắc nhất năm 2011', 'ARCH002', 'G6DOI009')
Insert into THANHTICH
Values ('G6D09ARCH004', N'Phan Văn Biểu thủ môn xuất sắc nhất năm 2011', 'ARCH002', 'G6DOI009')
	-- Sông Lam Nghệ An
Insert into THANHTICH
Values ('G6D10ARCH001', N'Vô địch quốc gia 2010', 'ARCH001', 'G6DOI010')
Insert into THANHTICH
Values ('G6D10ARCH002', N'Vô địch AFC Cup 2010', 'ARCH001', 'G6DOI010')
Insert into THANHTICH
Values ('G6D10ARCH003', N'Võ Ngọc Đức cầu thủ xuất sắc nhất năm 2010', 'ARCH002', 'G6DOI010')
Insert into THANHTICH
Values ('G6D10ARCH004', N'Hồ Văn Tú thủ môn xuất sắc nhất năm 2010', 'ARCH002', 'G6DOI010')
	-- Than Quảng Ninh
Insert into THANHTICH
Values ('G6D11ARCH001', N'Vô địch quốc gia 2009', 'ARCH001', 'G6DOI011')
Insert into THANHTICH
Values ('G6D11ARCH002', N'Vô địch AFC Cup 2009', 'ARCH001', 'G6DOI011')
Insert into THANHTICH
Values ('G6D11ARCH003', N'Lê Tuấn Tú cầu thủ xuất sắc nhất năm 2009', 'ARCH002', 'G6DOI011')
Insert into THANHTICH
Values ('G6D11ARCH004', N'Phan Đình Vũ Hải thủ môn xuất sắc nhất năm 2009', 'ARCH002', 'G6DOI011')
	-- Thanh Hóa
Insert into THANHTICH
Values ('G6D12ARCH001', N'Vô địch quốc gia 2008', 'ARCH001', 'G6DOI012')
Insert into THANHTICH
Values ('G6D12ARCH002', N'Vô địch AFC Cup 2008', 'ARCH001', 'G6DOI012')
Insert into THANHTICH
Values ('G6D12ARCH003', N'Hoàng Đình Tùng cầu thủ xuất sắc nhất năm 2008', 'ARCH002', 'G6DOI012')
Insert into THANHTICH
Values ('G6D12ARCH004', N'Lương Bá Sơn thủ môn xuất sắc nhất năm 2008', 'ARCH002', 'G6DOI012')
	-- TP Hồ Chí Minh
Insert into THANHTICH
Values ('G6D13ARCH001', N'Vô địch quốc gia 2007', 'ARCH001', 'G6DOI013')
Insert into THANHTICH
Values ('G6D13ARCH002', N'Vô địch AFC Cup 2007', 'ARCH001', 'G6DOI013')
Insert into THANHTICH
Values ('G6D13ARCH003', N'Sầm Ngọc Đức cầu thủ xuất sắc nhất năm 2007', 'ARCH002', 'G6DOI013')
Insert into THANHTICH
Values ('G6D13ARCH004', N'Nguyễn Thanh Thắng thủ môn xuất sắc nhất năm 2007', 'ARCH002', 'G6DOI013')
	-- Viettel
Insert into THANHTICH
Values ('G6D14ARCH001', N'Vô địch quốc gia 2006', 'ARCH001', 'G6DOI014')
Insert into THANHTICH
Values ('G6D14ARCH002', N'Vô địch AFC Cup 2006', 'ARCH001', 'G6DOI014')
Insert into THANHTICH
Values ('G6D14ARCH003', N'Quế Ngọc Hải cầu thủ xuất sắc nhất năm 2006', 'ARCH002', 'G6DOI014')
Insert into THANHTICH
Values ('G6D14ARCH004', N'Ngô Xuân Sơn thủ môn xuất sắc nhất năm 2006', 'ARCH002', 'G6DOI014')
go
Insert into TAITRO
Values ('TAITRO001', 'https://brasol.vn/public/ckeditor/uploads/thiet-ke-logo-tin-tuc/logo-pepsi.png')
	-- Coca Cola
Insert into TAITRO
Values ('TAITRO002', 'https://iweb.tatthanh.com.vn/pic/3/blog/y-nghia-logo-cocacola.jpg')
	-- Mirinda
Insert into TAITRO
Values ('TAITRO003', 'https://seeklogo.com/images/M/mirinda-logo-C787A1BEBA-seeklogo.com.png')
	-- TH TrueMilk
Insert into TAITRO
Values ('TAITRO004', 'https://vnpay.vn/wp-content/uploads/2020/03/thtruemartlogo.png')
	-- VietjetAir
Insert into TAITRO
Values ('TAITRO005', 'https://dulichvui.net/datafiles/setone/1525235731_logo-vj.png')
	-- VietnamAirlines
Insert into TAITRO
Values ('TAITRO006', 'https://encrypted-tbn0.gstatic.com/images?q=tbn%3AANd9GcQwyZCmBzaYcdiS494RfK0ci03sTIBxsX3Ykg&usqp=CAU')
	-- Vinamilk
Insert into TAITRO
Values ('TAITRO007', 'https://www.ngoisaoso.vn/uploads/news/2016/05/12/he-thong-nhan-dien-thuong-hieu-vinamilk-2.png')
	-- Pharmacity
Insert into TAITRO
Values ('TAITRO008', 'https://www.mekongcapital.com/uploads/investment/2019/05/08/5cd23b038b055.png')
	-- Bamboo Airways
Insert into TAITRO
Values ('TAITRO009', 'https://upload.wikimedia.org/wikipedia/en/e/ed/Bamboo-logo.png')
	-- Clear men
Insert into TAITRO
Values ('TAITRO010', 'https://vn-live-03.slatic.net/original/ec7a26932ab6cb71de5bc2873727ba2c.jpg')
	-- Sting
Insert into TAITRO
Values ('TAITRO011', 'https://sgp1.digitaloceanspaces.com/quickcompany/trademark/a8a5c800a6a45ab1.jpg')
	-- Daikin
Insert into TAITRO
Values ('TAITRO012', 'https://cdn.printgo.vn/uploads/file-logo/1/512x512.97513bc718382ec904c4d87ff81eb36a.ai.1.png')
	-- Tiki
Insert into TAITRO
Values ('TAITRO013', 'https://rubee.com.vn/admin/webroot/upload/image//images/tin-tuc/logo-tiki-1.jpg')
	-- Lazada
Insert into TAITRO
Values ('TAITRO014', 'https://tiepthigiadinh.vn/wp-content/uploads/2019/06/Lazada-master-logo.png')
go
Insert sub_TAITRO
Values ('SUBTT001', 'G6DOI001', 'TAITRO001')
Insert into sub_TAITRO
Values ('G6D01TT002', 'G6DOI001', 'TAITRO002')
Insert into sub_TAITRO
Values ('G6D01TT003', 'G6DOI001', 'TAITRO003')
Insert into sub_TAITRO
Values ('G6D01TT004', 'G6DOI001', 'TAITRO004')
Insert into sub_TAITRO
Values ('G6D01TT005', 'G6DOI001', 'TAITRO005')
	-- Tài trợ đội Dược Nam Hà Nam Định
Insert into sub_TAITRO
Values ('G6D02TT001', 'G6DOI002', 'TAITRO006')
Insert into sub_TAITRO
Values ('G6D02TT002', 'G6DOI002', 'TAITRO007')
Insert into sub_TAITRO
Values ('G6D02TT003', 'G6DOI002', 'TAITRO008')
Insert into sub_TAITRO
Values ('G6D02TT004', 'G6DOI002', 'TAITRO009')
Insert into sub_TAITRO
Values ('G6D02TT005', 'G6DOI002', 'TAITRO010')
	-- Tài trợ đội Hà Nội
Insert into sub_TAITRO
Values ('G6D03TT001', 'G6DOI003', 'TAITRO011')
Insert into sub_TAITRO
Values ('G6D03TT002', 'G6DOI003', 'TAITRO012')
Insert into sub_TAITRO
Values ('G6D03TT003', 'G6DOI003', 'TAITRO013')
Insert into sub_TAITRO
Values ('G6D03TT004', 'G6DOI003', 'TAITRO014')
Insert into sub_TAITRO
Values ('G6D03TT005', 'G6DOI003', 'TAITRO001')
	-- Tài trợ đội Hải Phòng
Insert into sub_TAITRO
Values ('G6D04TT001', 'G6DOI004', 'TAITRO002')
Insert into sub_TAITRO
Values ('G6D04TT002', 'G6DOI004', 'TAITRO003')
Insert into sub_TAITRO
Values ('G6D04TT003', 'G6DOI004', 'TAITRO004')
Insert into sub_TAITRO
Values ('G6D04TT004', 'G6DOI004', 'TAITRO005')
Insert into sub_TAITRO
Values ('G6D04TT005', 'G6DOI004', 'TAITRO006')
	-- Tài trợ đội Hoàng Anh Gia Lai
Insert into sub_TAITRO
Values ('G6D05TT001', 'G6DOI005', 'TAITRO007')
Insert into sub_TAITRO
Values ('G6D05TT002', 'G6DOI005', 'TAITRO008')
Insert into sub_TAITRO
Values ('G6D05TT003', 'G6DOI005', 'TAITRO009')
Insert into sub_TAITRO
Values ('G6D05TT004', 'G6DOI005', 'TAITRO010')
Insert into sub_TAITRO
Values ('G6D05TT005', 'G6DOI005', 'TAITRO011')
	-- Tài trợ đội Hồng Lĩnh Hà Tĩnh
Insert into sub_TAITRO
Values ('G6D06TT001', 'G6DOI006', 'TAITRO012')
Insert into sub_TAITRO
Values ('G6D06TT002', 'G6DOI006', 'TAITRO013')
Insert into sub_TAITRO
Values ('G6D06TT003', 'G6DOI006', 'TAITRO014')
Insert into sub_TAITRO
Values ('G6D06TT004', 'G6DOI006', 'TAITRO001')
Insert into sub_TAITRO
Values ('G6D06TT005', 'G6DOI006', 'TAITRO002')
	-- Tài trợ đội Quảng Nam
Insert into sub_TAITRO
Values ('G6D07TT001', 'G6DOI007', 'TAITRO003')
Insert into sub_TAITRO
Values ('G6D07TT002', 'G6DOI007', 'TAITRO004')
Insert into sub_TAITRO
Values ('G6D07TT003', 'G6DOI007', 'TAITRO005')
Insert into sub_TAITRO
Values ('G6D07TT004', 'G6DOI007', 'TAITRO006')
Insert into sub_TAITRO
Values ('G6D07TT005', 'G6DOI007', 'TAITRO007')
	-- Tài trợ đội Sài Gòn
Insert into sub_TAITRO
Values ('G6D08TT001', 'G6DOI008', 'TAITRO008')
Insert into sub_TAITRO
Values ('G6D08TT002', 'G6DOI008', 'TAITRO009')
Insert into sub_TAITRO
Values ('G6D08TT003', 'G6DOI008', 'TAITRO010')
Insert into sub_TAITRO
Values ('G6D08TT004', 'G6DOI008', 'TAITRO011')
Insert into sub_TAITRO
Values ('G6D08TT005', 'G6DOI008', 'TAITRO012')
	-- Tài trợ đội SHB Đà Nẵng
Insert into sub_TAITRO
Values ('G6D09TT001', 'G6DOI009', 'TAITRO013')
Insert into sub_TAITRO
Values ('G6D09TT002', 'G6DOI009', 'TAITRO014')
Insert into sub_TAITRO
Values ('G6D09TT003', 'G6DOI009', 'TAITRO001')
Insert into sub_TAITRO
Values ('G6D09TT004', 'G6DOI009', 'TAITRO002')
Insert into sub_TAITRO
Values ('G6D09TT005', 'G6DOI009', 'TAITRO003')
	-- Tài trợ đội Sông Lam Nghệ An 
Insert into sub_TAITRO
Values ('G6D10TT001', 'G6DOI010', 'TAITRO004')
Insert into sub_TAITRO
Values ('G6D10TT002', 'G6DOI010', 'TAITRO005')
Insert into sub_TAITRO
Values ('G6D10TT003', 'G6DOI010', 'TAITRO006')
Insert into sub_TAITRO
Values ('G6D10TT004', 'G6DOI010', 'TAITRO007')
Insert into sub_TAITRO
Values ('G6D10TT005', 'G6DOI010', 'TAITRO008')
	-- Tài trợ đội Than Quảng Ninh
Insert into sub_TAITRO
Values ('G6D11TT001', 'G6DOI011', 'TAITRO009')
Insert into sub_TAITRO
Values ('G6D11TT002', 'G6DOI011', 'TAITRO010')
Insert into sub_TAITRO
Values ('G6D11TT003', 'G6DOI011', 'TAITRO011')
Insert into sub_TAITRO
Values ('G6D11TT004', 'G6DOI011', 'TAITRO012')
Insert into sub_TAITRO
Values ('G6D11TT005', 'G6DOI011', 'TAITRO013')
	-- Tài trợ đội Thanh Hóa
Insert into sub_TAITRO
Values ('G6D12TT001', 'G6DOI011', 'TAITRO014')
Insert into sub_TAITRO
Values ('G6D12TT002', 'G6DOI011', 'TAITRO001')
Insert into sub_TAITRO
Values ('G6D12TT003', 'G6DOI011', 'TAITRO002')
Insert into sub_TAITRO
Values ('G6D12TT004', 'G6DOI011', 'TAITRO003')
Insert into sub_TAITRO
Values ('G6D12TT005', 'G6DOI011', 'TAITRO004')
	-- Tài trợ đội TP Hồ Chí Minh
Insert into sub_TAITRO
Values ('G6D13TT001', 'G6DOI011', 'TAITRO005')
Insert into sub_TAITRO
Values ('G6D13TT002', 'G6DOI011', 'TAITRO006')
Insert into sub_TAITRO
Values ('G6D13TT003', 'G6DOI011', 'TAITRO007')
Insert into sub_TAITRO
Values ('G6D13TT004', 'G6DOI011', 'TAITRO008')
Insert into sub_TAITRO
Values ('G6D13TT005', 'G6DOI011', 'TAITRO009')
	-- Tài trợ đội Viettel
Insert into sub_TAITRO
Values ('G6D14TT001', 'G6DOI012', 'TAITRO010')
Insert into sub_TAITRO
Values ('G6D14TT002', 'G6DOI012', 'TAITRO011')
Insert into sub_TAITRO
Values ('G6D14TT003', 'G6DOI012', 'TAITRO012')
Insert into sub_TAITRO
Values ('G6D14TT004', 'G6DOI012', 'TAITRO013')
Insert into sub_TAITRO
Values ('G6D14TT005', 'G6DOI012', 'TAITRO014')
go

INSERT INTO TRANDAU
VALUES ('TĐ01', 'G6DOI001', 'G6DOI008', '2020-07-10', '09:00', N'Thống Nhất', '1-1')
INSERT INTO TRANDAU
VALUES ('TĐ02', 'G6DOI003', 'G6DOI005', '2020-07-10',' 11:00', N'Khánh Hòa', '1-1')
INSERT INTO TRANDAU
VALUES ('TĐ03', 'G6DOI006', 'G6DOI002', '2020-07-10',' 13:00', N'Thống Nhất', '1-1')
INSERT INTO TRANDAU
VALUES ('TĐ04', 'G6DOI011', 'G6DOI004', '2020-07-10',' 15:00', N'Thống Nhất', '1-1')
INSERT INTO TRANDAU
VALUES ('TĐ05', 'G6DOI012', 'G6DOI010', '2020-07-10',' 19:00', N'Thống Nhất', '1-1')
INSERT INTO TRANDAU
VALUES ('TĐ06', 'G6DOI007', 'G6DOI009', '2020-07-10',' 22:00', N'Hà Nội', '1-1')
INSERT INTO TRANDAU
VALUES ('TĐ07', 'G6DOI002', 'G6DOI014', '2020-08-10',' 09:00', N'Thống Nhất', '1-1')
INSERT INTO TRANDAU
VALUES ('TĐ08', 'G6DOI005', 'G6DOI006', '2020-08-10',' 11:00', N'Khánh Hòa', '1-1')
INSERT INTO TRANDAU
VALUES ('TĐ09', 'G6DOI008', 'G6DOI007', '2020-08-10',' 13:00', N'Hà Nội', '1-1')
INSERT INTO TRANDAU
VALUES ('TĐ10', 'G6DOI011', 'G6DOI009', '2020-08-10',' 15:00', N'Thống Nhất', '1-1')
INSERT INTO TRANDAU
VALUES ('TĐ11', 'G6DOI010', 'G6DOI003', '2020-08-10',' 19:00', N'Thống Nhất', '1-1')
INSERT INTO TRANDAU
VALUES ('TĐ12', 'G6DOI002', 'G6DOI006', '2020-08-10',' 22:00', N'Thống Nhất', '1-1')
INSERT INTO TRANDAU
VALUES ('TĐ13', 'G6DOI003', 'G6DOI005', '2020-09-10',' 09:00', N'Hải Phòng', '1-1')
INSERT INTO TRANDAU
VALUES ('TĐ14', 'G6DOI013', 'G6DOI009', '2020-09-10',' 11:00', N'Thống Nhất', '1-1')
INSERT INTO TRANDAU
VALUES ('TĐ15', 'G6DOI012', 'G6DOI008', '2020-09-10',' 13:00', N'Hải Phòng', '1-1')
INSERT INTO TRANDAU
VALUES ('TĐ16', 'G6DOI002', 'G6DOI006', '2020-09-10',' 15:00', N'Thống Nhất', '1-1')
INSERT INTO TRANDAU
VALUES('TĐ17', 'G6DOI005', 'G6DOI004', '2020-09-10',' 19:00', N'Thống Nhất', '1-1')
INSERT INTO TRANDAU
VALUES ('TĐ18', 'G6DOI004', 'G6DOI009', '2020-09-10',' 22:00', N'Khánh Hòa', '1-1')
INSERT INTO TRANDAU
VALUES ('TĐ19', 'G6DOI002', 'G6DOI003', '2020-10-10',' 09:00', N'Thống Nhất', '1-1')
INSERT INTO TRANDAU
VALUES ('TĐ20', 'G6DOI008', 'G6DOI011', '2020-10-10',' 11:00', N'Khánh Hòa', '1-1')
INSERT INTO TRANDAU
VALUES ('TĐ21', 'G6DOI005', 'G6DOI004', '2020-10-10',' 13:00', N'Thống Nhất', '1-1')
INSERT INTO TRANDAU
VALUES ('TĐ22', 'G6DOI001', 'G6DOI005', '2020-10-10',' 15:00', N'Hà Nội', '1-1')
INSERT INTO TRANDAU
VALUES ('TĐ23', 'G6DOI005', 'G6DOI006', '2020-10-10',' 19:00', N'Thống Nhất', '1-1')
INSERT INTO TRANDAU
VALUES ('TĐ24', 'G6DOI008', 'G6DOI003', '2020-10-10',' 22:00', N'Thống Nhất', '1-1')
INSERT INTO TRANDAU
VALUES ('TĐ25', 'G6DOI001', 'G6DOI002', '2020-11-10',' 09:00', N'Hải Phòng', '1-1')
INSERT INTO TRANDAU
VALUES ('TĐ26', 'G6DOI009', 'G6DOI010', '2020-11-10',' 11:00', N'Thống Nhất', '1-1')
INSERT INTO TRANDAU
VALUES ('TĐ27', 'G6DOI005', 'G6DOI006', '2020-11-10',' 13:00', N'Thống Nhất', '1-1')
INSERT INTO TRANDAU
VALUES ('TĐ28', 'G6DOI007', 'G6DOI014', '2020-11-10',' 15:00', N'Thống Nhất', '1-1')
INSERT INTO TRANDAU
VALUES ('TĐ29', 'G6DOI008', 'G6DOI013', '2020-11-10',' 19:00', N'Hà Nội', '1-1')
INSERT INTO TRANDAU
VALUES ('TĐ30', 'G6DOI002', 'G6DOI010', '2020-11-10 ','22:00', N'Thống Nhất', '1-1')